candidate_id,venue,source_row_1based,meeting_date,anchor_ts,event_id,date_et,instrument,leg_near,leg_far,previous_fomc_14et_ts,meeting_14et_ts,in_next_meeting_window,liveness_pass,N,quantity,cme_route,cme_direction_sign,actual_buy_side,actual_outcome,original_yes_ladder_sum,omitted_max,d0_bp,d1_bp,execution_ts,execution_status,execution_et,pm_age_sec,span,history_observations,history_start,history_end,rule_lower_bp,rule_upper_bp,lower_inclusive,upper_inclusive,rules_core_ambiguous,rules_wording_inconsistency,bin_kind,rule_parse_source,ladder_sum_quality_flag
PM-20240320,Polymarket,2,2024-03-20,1706807040,fed-interest-rates-march-2024,2024-02-01,BACK,2024-02,2024-03,1706727600.0,1710957600,True,True,369.6532258064517,370,listed,-1,NO,HOLD,1.285,0.025,-25.0,0.0,1706807100,READY,2024-02-01T12:05:00-05:00,58.0,0.3548387096774194,60.0,2023-11-03,2024-01-31,0.0,0.0,True,True,False,False,exact,description,NOT_NORMALIZED_OVER_1
PM-20250507,Polymarket,3,2025-05-07,1743521640,fed-decision-in-may-2025,2025-04-01,BACK,2025-04,2025-05,1742407200.0,1746640800,True,True,806.516129032258,807,listed,-1,YES,CUT25,0.994,0.0195,-25.0,0.0,1743521700,READY,2025-04-01T11:35:00-04:00,55.0,0.7741935483870968,60.0,2025-01-03,2025-03-31,-25.0,-0.0,True,False,False,False,rounded_interval,description,SUM_NOT_ABOVE_1_NOT_SUFFICIENT_FOR_QUALITY
PM-20250730,Polymarket,4,2025-07-30,1750687560,fed-decision-in-july,2025-06-23,FRONT,2025-07,2025-08,1750269600.0,1753898400,True,True,1008.1451612903226,1008,listed,-1,YES,CUT25,0.988,0.0165,-25.0,0.0,1750687620,READY,2025-06-23T10:07:00-04:00,54.0,0.967741935483871,60.0,2025-03-26,2025-06-20,-25.0,-0.0,True,False,False,False,rounded_interval,description,SUM_NOT_ABOVE_1_NOT_SUFFICIENT_FOR_QUALITY
PM-20250917,Polymarket,5,2025-09-17,1753899420,fed-decision-in-september,2025-07-30,BACK,2025-08,2025-09,1753898400.0,1758132000,True,True,451.4249999999999,451,listed,-1,YES,CUT25,1.007,0.0455,-25.0,0.0,1753899480,NO_FILL_DATA_PM,2025-07-30T14:18:00-04:00,111.0,,,,,-25.0,-0.0,True,False,False,False,rounded_interval,description,NOT_NORMALIZED_OVER_1
PM-20251029,Polymarket,6,2025-10-29,1758213420,fed-decision-in-october,2025-09-18,FRONT,2025-10,2025-11,1758132000.0,1761760800,True,True,974.5403225806452,975,listed,-1,YES,CUT25,0.992,0.0455,-25.0,0.0,1758213480,READY,2025-09-18T12:38:00-04:00,56.0,0.935483870967742,60.0,2025-06-24,2025-09-17,-25.0,-0.0,True,False,False,False,rounded_interval,description,SUM_NOT_ABOVE_1_NOT_SUFFICIENT_FOR_QUALITY
PM-20251210,Polymarket,7,2025-12-10,1761761100,fed-decision-in-december,2025-10-29,BACK,2025-11,2025-12,1761760800.0,1765393200,True,True,705.7016129032257,706,synthetic,-1,YES,CUT25,1.01,0.0305,-25.0,0.0,1761761160,READY,2025-10-29T14:06:00-04:00,47.0,0.6774193548387096,60.0,2025-08-05,2025-10-28,-25.0,-0.0,True,False,False,False,rounded_interval,description,NOT_NORMALIZED_OVER_1
PM-20260128,Polymarket,8,2026-01-28,1765479060,fed-decision-in-january,2025-12-11,FRONT,2026-01,2026-02,1765393200.0,1769626800,True,True,940.9354838709676,941,listed,-1,YES,CUT25,1.0099999999999998,0.0105,-25.0,0.0,1765479120,READY,2025-12-11T13:52:00-05:00,52.0,0.9032258064516128,60.0,2025-09-17,2025-12-10,-25.0,-0.0,True,False,False,False,rounded_interval,description,NOT_NORMALIZED_OVER_1
PM-20260318,Polymarket,9,2026-03-18,1769786700,fed-decision-in-march-885,2026-01-30,BACK,2026-02,2026-03,1769626800.0,1773856800,True,True,436.8629032258064,437,synthetic,-1,YES,CUT25,1.001,0.0135,-25.0,0.0,1769786760,READY,2026-01-30T10:26:00-05:00,44.0,0.4193548387096774,60.0,2025-11-03,2026-01-29,-25.0,-0.0,True,False,False,False,rounded_interval,description,NOT_NORMALIZED_OVER_1
PM-20260429,Polymarket,10,2026-04-29,1773929940,fed-decision-in-april,2026-03-19,FRONT,2026-04,2026-05,1773856800.0,1777485600,True,True,1007.025,1007,synthetic,1,YES,HOLD,1.0025,0.0205,-25.0,0.0,1773930000,READY,2026-03-19T10:20:00-04:00,30.0,0.9666666666666668,60.0,2025-12-19,2026-03-18,0.0,0.0,True,True,False,False,exact,description,NOT_NORMALIZED_OVER_1
PM-20260729,Polymarket,11,2026-07-29,1781719320,fed-decision-in-july-181,2026-06-17,FRONT,2026-07,2026-08,1781719200.0,1785348000,True,True,974.5403225806452,975,listed,1,YES,HOLD,1.002,0.0385,-25.0,0.0,1781719380,READY,2026-06-17T14:03:00-04:00,52.0,0.935483870967742,60.0,2026-03-24,2026-06-16,0.0,0.0,True,True,False,False,exact,description,NOT_NORMALIZED_OVER_1
PM-20260916,Polymarket,12,2026-09-16,1785348300,fed-decision-in-september-762,2026-07-29,BACK,2026-08,2026-09,1785348000.0,1789581600,True,True,486.15,486,listed,1,YES,HIKE25,1.021,0.031,0.0,25.0,1785348360,READY,2026-07-29T14:06:00-04:00,53.0,0.4666666666666667,60.0,2026-05-01,2026-07-28,0.0,25.0,False,True,False,False,rounded_interval,description,NOT_NORMALIZED_OVER_1
