source_row_1based,coverage_id,meeting_date,audit_asof,primary_exclusion_code,canonical_event_id,metadata_markets,ladder_signature,calendar_instrument,leg_near,leg_far,rule_conflict_evidence,poly_local_history,audit_valid_minutes,latest_rolling_status,latest_rolling_valid_minutes,kalshi_candle_rows,kalshi_listed_legs,kalshi_rules_strict,kalshi_clean_calendar,kalshi_all_leg_same_minute,kalshi_exact_primary_same_minute,minimum_next_action,recoverability_limit,primary_reason_en
2,H38-20220126,2022-01-26,2026-09-17,NO_LOCAL_PREDECISION_HISTORY,,0,,FRONT,2022-01,2022-02,,False,0,OUTSIDE_ROLLING_DISPLAY_WINDOW,,,,,,,,No local predecision history; metadata discovery before any price request,Not established; extra prices alone do not prove the required partition,No local predecision price history or direct market metadata.
3,H38-20220316,2022-03-16,2026-09-17,NO_LOCAL_PREDECISION_HISTORY,fed-interest-rates-march-2022,1,THRESHOLD_ABOVE_0.5PCT,FRONT,2022-03,2022-04,,False,0,OUTSIDE_ROLLING_DISPLAY_WINDOW,,,,,,,,No local predecision history; metadata discovery before any price request,Not established; extra prices alone do not prove the required partition,No local predecision price history; metadata does not replace observations.
4,H38-20220504,2022-05-04,2026-09-17,NO_LOCAL_PREDECISION_HISTORY,fed-interest-rates-may-2022,1,THRESHOLD_ABOVE_0.75PCT,BACK,2022-04,2022-05,,False,0,OUTSIDE_ROLLING_DISPLAY_WINDOW,,,,,,,,No local predecision history; metadata discovery before any price request,Not established; extra prices alone do not prove the required partition,No local predecision price history; metadata does not replace observations.
5,H38-20220615,2022-06-15,2026-09-17,NO_LOCAL_PREDECISION_HISTORY,fed-interest-rates-june-2022,2,THRESHOLD_ABOVE_1.50PCT|THRESHOLD_ABOVE_1PCT,,,,,False,0,OUTSIDE_ROLLING_DISPLAY_WINDOW,,,,,,,,No local predecision history; metadata discovery before any price request,Not established; extra prices alone do not prove the required partition,No local predecision price history; metadata does not replace observations.
6,H38-20220727,2022-07-27,2026-09-17,NO_LOCAL_PREDECISION_HISTORY,fed-interest-rates-july-2022,3,THRESHOLD_ABOVE_2.00PCT_HIKE_GE50|THRESHOLD_ABOVE_2.25PCT_HIKE_GE75|THRESHOLD_ABOVE_2.50PCT_HIKE_GE100,FRONT,2022-07,2022-08,,False,0,OUTSIDE_ROLLING_DISPLAY_WINDOW,,,,,,,,No local predecision history; metadata discovery before any price request,Not established; extra prices alone do not prove the required partition,No local predecision price history; metadata does not replace observations.
7,H38-20220921,2022-09-21,2026-09-17,NO_LOCAL_PREDECISION_HISTORY,fed-interest-rates-september-2022,4,HIKE25|HIKE75|HIKE100|HIKE50,FRONT,2022-09,2022-10,"HIKE25: ['Numerical label is readable, but payoff interval was not independently parsed.'] | HIKE75: ['Numerical label is readable, but payoff interval was not independently parsed.'] | HIKE100: ['Numerical label is readable, but payoff interval was not independently parsed.'] | HIKE50: ['Numerical label is readable, but payoff interval was not independently parsed.']",False,0,OUTSIDE_ROLLING_DISPLAY_WINDOW,,,,,,,,No local predecision history; metadata discovery before any price request,Not established; extra prices alone do not prove the required partition,No local predecision price history; metadata does not replace observations.
8,H38-20221102,2022-11-02,2026-09-17,NO_LOCAL_PREDECISION_HISTORY,fed-interest-rates-november-2022,4,HIKE100|HIKE75|HIKE50|HIKE25,BACK,2022-10,2022-11,,False,0,OUTSIDE_ROLLING_DISPLAY_WINDOW,,,,,,,,No local predecision history; metadata discovery before any price request,Not established; extra prices alone do not prove the required partition,No local predecision price history; metadata does not replace observations.
9,H38-20221214,2022-12-14,2026-09-17,NO_LOCAL_PREDECISION_HISTORY,fed-interest-rates-december-2022,4,HIKE50|HIKE75|HIKE100|HIKE25,FRONT,2022-12,2023-01,,False,0,OUTSIDE_ROLLING_DISPLAY_WINDOW,,,,,,,,No local predecision history; metadata discovery before any price request,Not established; extra prices alone do not prove the required partition,No local predecision price history; metadata does not replace observations.
10,H38-20230201,2023-02-01,2026-09-17,NONEXHAUSTIVE_LISTED_POINT_STATES,fed-interest-rates-february-2023,4,HIKE75|HOLD_0BP|HIKE50|HIKE25,BACK,2023-01,2023-02,,True,0,OUTSIDE_ROLLING_DISPLAY_WINDOW,,,,,,,,"Find contemporaneously listed omitted-state contracts and official terms, if any",No: an unlisted tail is not a missing observation,"Listed finite point states omit tails; unlisted outcome probabilities are unknown, not erroneous prices."
11,H38-20230322,2023-03-22,2026-09-17,NONEXHAUSTIVE_LISTED_POINT_STATES,fed-interest-rates-march-2023,4,CUT25|HIKE50|HIKE25|HOLD_0BP,FRONT,2023-03,2023-04,,True,0,OUTSIDE_ROLLING_DISPLAY_WINDOW,,,,,,,,"Find contemporaneously listed omitted-state contracts and official terms, if any",No: an unlisted tail is not a missing observation,"Listed finite point states omit tails; unlisted outcome probabilities are unknown, not erroneous prices."
12,H38-20230503,2023-05-03,2026-09-17,NONEXHAUSTIVE_LISTED_POINT_STATES,fed-interest-rates-may-2023,4,HOLD_0BP|CUT25|HIKE25|HIKE50,BACK,2023-04,2023-05,,True,0,OUTSIDE_ROLLING_DISPLAY_WINDOW,,1195.0,6.0,True,True,4.0,14.0,"Find contemporaneously listed omitted-state contracts and official terms, if any",No: an unlisted tail is not a missing observation,"Listed finite point states omit tails; unlisted outcome probabilities are unknown, not erroneous prices."
13,H38-20230614,2023-06-14,2026-09-17,NONEXHAUSTIVE_LISTED_POINT_STATES,fed-interest-rates-june-2023,4,CUT25|HOLD_0BP|HIKE25|HIKE50,,,,,True,0,OUTSIDE_ROLLING_DISPLAY_WINDOW,,2117.0,5.0,True,False,2.0,37.0,"Find contemporaneously listed omitted-state contracts and official terms, if any",No: an unlisted tail is not a missing observation,"Listed finite point states omit tails; unlisted outcome probabilities are unknown, not erroneous prices."
14,H38-20230726,2023-07-26,2026-09-17,NONEXHAUSTIVE_LISTED_POINT_STATES,fed-interest-rates-july-2023,3,CUT25|HOLD_0BP|HIKE25,FRONT,2023-07,2023-08,,True,0,OUTSIDE_ROLLING_DISPLAY_WINDOW,,632.0,5.0,True,True,0.0,4.0,"Find contemporaneously listed omitted-state contracts and official terms, if any",No: an unlisted tail is not a missing observation,"Listed finite point states omit tails; unlisted outcome probabilities are unknown, not erroneous prices."
15,H38-20230920,2023-09-20,2026-09-17,NONEXHAUSTIVE_LISTED_POINT_STATES,fed-interest-rates-september-2023,2,HOLD_0BP|HIKE25,FRONT,2023-09,2023-10,,True,0,OUTSIDE_ROLLING_DISPLAY_WINDOW,,1167.0,5.0,True,True,5.0,8.0,"Find contemporaneously listed omitted-state contracts and official terms, if any",No: an unlisted tail is not a missing observation,"Listed finite point states omit tails; unlisted outcome probabilities are unknown, not erroneous prices."
16,H38-20231101,2023-11-01,2026-09-17,NONEXHAUSTIVE_LISTED_POINT_STATES,fed-interest-rates-november-2023,2,HOLD_0BP|HIKE25,BACK,2023-10,2023-11,,True,0,OUTSIDE_ROLLING_DISPLAY_WINDOW,,1228.0,5.0,True,True,0.0,8.0,"Find contemporaneously listed omitted-state contracts and official terms, if any",No: an unlisted tail is not a missing observation,"Listed finite point states omit tails; unlisted outcome probabilities are unknown, not erroneous prices."
17,H38-20231213,2023-12-13,2026-09-17,NONEXHAUSTIVE_LISTED_POINT_STATES,fed-interest-rates-december-2023,2,HOLD_0BP|HIKE25,FRONT,2023-12,2024-01,,True,0,OUTSIDE_ROLLING_DISPLAY_WINDOW,,955.0,5.0,True,True,0.0,7.0,"Find contemporaneously listed omitted-state contracts and official terms, if any",No: an unlisted tail is not a missing observation,"Listed finite point states omit tails; unlisted outcome probabilities are unknown, not erroneous prices."
18,H38-20240131,2024-01-31,2026-09-17,NONEXHAUSTIVE_LISTED_POINT_STATES,fed-interest-rates-january-2024,3,HOLD_0BP|CUT25|HIKE25,FRONT,2024-01,2024-02,,True,0,OUTSIDE_ROLLING_DISPLAY_WINDOW,,340.0,5.0,True,True,0.0,1.0,"Find contemporaneously listed omitted-state contracts and official terms, if any",No: an unlisted tail is not a missing observation,"Listed finite point states omit tails; unlisted outcome probabilities are unknown, not erroneous prices."
19,H38-20240320,2024-03-20,2026-09-17,SIGNAL_KNOWN_TERMINAL,fed-interest-rates-march-2024,4,CUT50P|CUT25|HOLD|HIKE25P,FRONT,2024-03,2024-04,,True,1019,FILLED,1018.0,758.0,5.0,True,True,1.0,1.0,Use latest rolling status; 2025-09 delay is independently probed,Additional observations may improve coverage but cannot certify execution,Primary-rule signal exists and modeled terminal values are known.
20,H38-20240501,2024-05-01,2026-09-17,CORE_RULE_CONFLICT,fed-interest-rates-may-2024,4,HIKE25P|HOLD|CUT25|CUT50P,BACK,2024-04,2024-05,CUT25: ['Exact-size question/label conflicts with or-more description.'],True,0,NO_ADMISSIBLE_DATA,0.0,1684.0,5.0,True,True,3.0,10.0,Obtain contemporaneous official terms or clarification,No: extra prices do not resolve conflicting payoffs,Question says exactly 25 bp but description says 25 bp or more; payoff states overlap.
21,H38-20240612,2024-06-12,2026-09-17,RULE_WORDING_OR_MAPPING_AMBIGUITY,fed-interest-rates-june-2024,4,CUT50P|CUT25|HOLD|HIKE25P,FRONT,2024-06,2024-07,HIKE25P: ['Description says increased but also below; positive direction follows question and increased verb.'],True,0,NO_ADMISSIBLE_DATA,0.0,1958.0,4.0,True,True,9.0,20.0,Obtain rule-version and interval/catchall mapping evidence,No: interpretation change is a separate study,Description conflicts with question direction/interval; strict full-rule sample excluded.
22,H38-20240731,2024-07-31,2026-09-17,RULE_WORDING_OR_MAPPING_AMBIGUITY,fed-interest-rates-july-2024,4,CUT50P|CUT25|HOLD|HIKE25P,FRONT,2024-07,2024-08,HIKE25P: ['Description says increased but also below; positive direction follows question and increased verb.'],True,0,NO_ADMISSIBLE_DATA,0.0,1175.0,5.0,True,True,2.0,5.0,Obtain rule-version and interval/catchall mapping evidence,No: interpretation change is a separate study,Description conflicts with question direction/interval; strict full-rule sample excluded.
23,H38-20240918,2024-09-18,2026-09-17,RULE_WORDING_OR_MAPPING_AMBIGUITY,fed-interest-rates-september-2024,4,CUT50P|CUT25|HOLD|HIKE25P,FRONT,2024-09,2024-10,HIKE25P: ['Description says increased but also below; positive direction follows question and increased verb.'],True,0,NO_ADMISSIBLE_DATA,0.0,12533.0,5.0,True,True,3.0,3.0,Obtain rule-version and interval/catchall mapping evidence,No: interpretation change is a separate study,Description conflicts with question direction/interval; strict full-rule sample excluded.
24,H38-20241107,2024-11-07,2026-09-17,RULE_WORDING_OR_MAPPING_AMBIGUITY,fed-interest-rates-november-2024,6,CUT75P|CUT50|CUT25|HOLD|HIKE25P|CATCHALL_OTHER_LEVEL,BACK,2024-10,2024-11,HIKE25P: ['Description says increased but also below; positive direction follows question and increased verb.'],True,0,NO_ADMISSIBLE_DATA,0.0,14964.0,5.0,True,True,1.0,1.0,Obtain rule-version and interval/catchall mapping evidence,No: interpretation change is a separate study,Description conflicts with question direction/interval; OTHER catchall also lacks a unique bp representation.
25,H38-20241218,2024-12-18,2026-09-17,RULE_WORDING_OR_MAPPING_AMBIGUITY,fed-interest-rates-december-2024,6,CUT75P|CUT50|CUT25|HOLD|HIKE25P|CATCHALL_OTHER_LEVEL,,,,HIKE25P: ['Description says increased but also below; positive direction follows question and increased verb.'],True,0,NO_ADMISSIBLE_DATA,0.0,16926.0,5.0,True,False,1.0,5.0,Obtain rule-version and interval/catchall mapping evidence,No: interpretation change is a separate study,Description conflicts with question direction/interval; OTHER catchall also lacks a unique bp representation.
26,H38-20250129,2025-01-29,2026-09-17,RULE_WORDING_OR_MAPPING_AMBIGUITY,fed-interest-rates-january-2025,5,CUT75P|CUT50|CUT25|HOLD|HIKE25P,FRONT,2025-01,2025-02,CUT50: ['Literal bounded interval is followed by redundant or-more wording; interval interpretation is a convention.'] | CUT25: ['Literal bounded interval is followed by redundant or-more wording; interval interpretation is a convention.'],True,0,NO_ADMISSIBLE_DATA,0.0,2781.0,5.0,True,True,2.0,3.0,Obtain rule-version and interval/catchall mapping evidence,No: interpretation change is a separate study,Description conflicts with question direction/interval; strict full-rule sample excluded.
27,H38-20250319,2025-03-19,2026-09-17,RULE_WORDING_OR_MAPPING_AMBIGUITY,fed-decision-in-march,4,CUT50P|CUT25|HOLD|HIKE25P,FRONT,2025-03,2025-04,CUT25: ['Literal bounded interval is followed by redundant or-more wording; interval interpretation is a convention.'],True,0,NO_ADMISSIBLE_DATA,0.0,3547.0,5.0,True,True,1.0,2.0,Obtain rule-version and interval/catchall mapping evidence,No: interpretation change is a separate study,Description conflicts with question direction/interval; strict full-rule sample excluded.
28,H38-20250507,2025-05-07,2026-09-17,SIGNAL_KNOWN_TERMINAL,fed-decision-in-may-2025,4,CUT50P|CUT25|HOLD|HIKE25P,BACK,2025-04,2025-05,,True,4322,FILLED,4322.0,62381.0,5.0,True,True,167.0,665.0,Use latest rolling status; 2025-09 delay is independently probed,Additional observations may improve coverage but cannot certify execution,Primary-rule signal exists and modeled terminal values are known.
29,H38-20250618,2025-06-18,2026-09-17,NO_ISOLATED_CME_PAIR,fed-decision-in-june,4,CUT50P|CUT25|HOLD|HIKE25P,,,,,True,0,NO_ADMISSIBLE_DATA,0.0,99963.0,5.0,True,False,531.0,1133.0,Retain exclusion under current simple single-meeting construction,No: requires a different exposure/hedge design,Complete Poly ladder exists but no eligible simple CME month pair isolates this meeting.
30,H38-20250730,2025-07-30,2026-09-17,SIGNAL_KNOWN_TERMINAL,fed-decision-in-july,4,CUT50P|CUT25|HOLD|HIKE25P,FRONT,2025-07,2025-08,,True,5640,FILLED,5640.0,94829.0,5.0,True,True,417.0,721.0,Use latest rolling status; 2025-09 delay is independently probed,Additional observations may improve coverage but cannot certify execution,Primary-rule signal exists and modeled terminal values are known.
31,H38-20250917,2025-09-17,2026-09-17,SIGNAL_KNOWN_TERMINAL,fed-decision-in-september,4,CUT50P|CUT25|HOLD|HIKE25P,BACK,2025-08,2025-09,,True,1895,NO_FILL_DATA_PM,1895.0,143300.0,5.0,True,True,866.0,1123.0,Use latest rolling status; 2025-09 delay is independently probed,Additional observations may improve coverage but cannot certify execution,Primary-rule signal exists and modeled terminal values are known.
32,H38-20251029,2025-10-29,2026-09-17,SIGNAL_KNOWN_TERMINAL,fed-decision-in-october,4,CUT50P|CUT25|HOLD|HIKE25P,FRONT,2025-10,2025-11,,True,2454,FILLED,2454.0,138944.0,5.0,True,True,588.0,754.0,Use latest rolling status; 2025-09 delay is independently probed,Additional observations may improve coverage but cannot certify execution,Primary-rule signal exists and modeled terminal values are known.
33,H38-20251210,2025-12-10,2026-09-17,SIGNAL_KNOWN_TERMINAL,fed-decision-in-december,4,CUT50P|CUT25|HOLD|HIKE25P,BACK,2025-11,2025-12,,True,3309,FILLED,3309.0,184984.0,5.0,True,True,1174.0,1327.0,Use latest rolling status; 2025-09 delay is independently probed,Additional observations may improve coverage but cannot certify execution,Primary-rule signal exists and modeled terminal values are known.
34,H38-20260128,2026-01-28,2026-09-17,SIGNAL_KNOWN_TERMINAL,fed-decision-in-january,4,CUT50P|CUT25|HOLD|HIKE25P,FRONT,2026-01,2026-02,,True,3826,FILLED,3826.0,190765.0,5.0,True,True,994.0,1172.0,Use latest rolling status; 2025-09 delay is independently probed,Additional observations may improve coverage but cannot certify execution,Primary-rule signal exists and modeled terminal values are known.
35,H38-20260318,2026-03-18,2026-09-17,SIGNAL_KNOWN_TERMINAL,fed-decision-in-march-885,4,CUT50P|CUT25|HOLD|HIKE25P,BACK,2026-02,2026-03,,True,1453,FILLED,1453.0,145404.0,5.0,False,True,835.0,1055.0,Use latest rolling status; 2025-09 delay is independently probed,Additional observations may improve coverage but cannot certify execution,Primary-rule signal exists and modeled terminal values are known.
36,H38-20260429,2026-04-29,2026-09-17,SIGNAL_KNOWN_TERMINAL,fed-decision-in-april,4,CUT50P|CUT25|HOLD|HIKE25P,FRONT,2026-04,2026-05,,True,322,FILLED,322.0,207645.0,5.0,False,True,988.0,1768.0,Use latest rolling status; 2025-09 delay is independently probed,Additional observations may improve coverage but cannot certify execution,Primary-rule signal exists and modeled terminal values are known.
37,H38-20260617,2026-06-17,2026-09-17,VALID_DATA_NO_4C_3MIN_SIGNAL,fed-decision-in-june-825,5,CUT50P|CUT25|HOLD|HIKE25|HIKE50P,BACK,2026-05,2026-06,,True,1098,NO_FROZEN_SIGNAL,1098.0,208257.0,5.0,False,True,848.0,1950.0,Retain no-signal outcome,No: absence of a signal is not missing data,"Admissible synchronized data exist, but no at-least-4-cent net edge for three consecutive observations."
38,H38-20260729,2026-07-29,2026-09-17,SIGNAL_KNOWN_TERMINAL,fed-decision-in-july-181,5,CUT50P|CUT25|HOLD|HIKE25|HIKE50P,FRONT,2026-07,2026-08,,True,5053,FILLED,5053.0,130860.0,5.0,False,True,1037.0,1819.0,Use latest rolling status; 2025-09 delay is independently probed,Additional observations may improve coverage but cannot certify execution,Primary-rule signal exists and modeled terminal values are known.
39,H38-20260916,2026-09-16,2026-09-17,SIGNAL_TERMINAL_PENDING,fed-decision-in-september-762,5,CUT50P|CUT25|HOLD|HIKE25|HIKE50P,BACK,2026-08,2026-09,,True,2120,NO_FILL_CASH_MARGIN_VM,2120.0,183263.0,5.0,False,True,1029.0,2147.0,Keep terminal outcome NA until complete; original account rejected on cash constraints,No historical entry is recovered by future settlement data,Primary signal exists but CME terminal values are incomplete; return remains unavailable.
