coverage_id,meeting_date,status,scheduled_minutes,valid_minutes,coverage_pct,positive_conditional_minutes,no_admissible_minutes,beyond_cme_cutoff_minutes,window_first_et,window_last_et,audit_next_window_minutes,audit_strict_fresh_minutes,audit_adjacent_point_minutes,audit_both_main_yes_live_minutes,audit_pre_liveness_cme_matched_minutes,audit_valid_minutes,note
R12-20240320,2024-03-20,FILLED,10352,1018,9.833848531684698,102,9334,0,2024-02-01T12:02:00-05:00,2024-03-20T13:59:00-04:00,10474,10474,7957,1376,6615,1019,"Audit stages predate final dual-clock check; stages are diagnostics, not a single common-denominator funnel. NO_ADMISSIBLE_QUOTE has no per-source rejection code."
R12-20250507,2025-05-07,FILLED,10535,4322,41.02515424774561,2776,6213,0,2025-03-19T14:00:00-04:00,2025-05-07T13:59:00-04:00,10535,10535,9899,5429,8348,4322,"Audit stages predate final dual-clock check; stages are diagnostics, not a single common-denominator funnel. NO_ADMISSIBLE_QUOTE has no per-source rejection code."
R12-20250730,2025-07-30,FILLED,9030,5640,62.458471760797345,472,3390,0,2025-06-18T14:00:00-04:00,2025-07-30T13:59:00-04:00,9030,9029,9029,5903,8537,5640,"Audit stages predate final dual-clock check; stages are diagnostics, not a single common-denominator funnel. NO_ADMISSIBLE_QUOTE has no per-source rejection code."
R12-20250917,2025-09-17,NO_FILL_DATA_PM,10535,1895,17.98766018035121,1720,8640,0,2025-07-30T14:00:00-04:00,2025-09-17T13:59:00-04:00,10535,10518,4870,2216,3858,1895,"Audit stages predate final dual-clock check; stages are diagnostics, not a single common-denominator funnel. NO_ADMISSIBLE_QUOTE has no per-source rejection code."
R12-20251029,2025-10-29,FILLED,9030,2454,27.176079734219268,836,6576,0,2025-09-17T14:00:00-04:00,2025-10-29T13:59:00-04:00,9030,9018,8071,2486,7921,2454,"Audit stages predate final dual-clock check; stages are diagnostics, not a single common-denominator funnel. NO_ADMISSIBLE_QUOTE has no per-source rejection code."
R12-20251210,2025-12-10,FILLED,9030,3309,36.64451827242525,2633,5721,0,2025-10-29T14:00:00-04:00,2025-12-10T13:59:00-05:00,9030,9028,9028,4564,5971,3309,"Audit stages predate final dual-clock check; stages are diagnostics, not a single common-denominator funnel. NO_ADMISSIBLE_QUOTE has no per-source rejection code."
R12-20260128,2026-01-28,FILLED,10535,3826,36.31703844328429,307,6709,0,2025-12-10T14:00:00-05:00,2026-01-28T13:59:00-05:00,10535,10521,9681,3994,8684,3826,"Audit stages predate final dual-clock check; stages are diagnostics, not a single common-denominator funnel. NO_ADMISSIBLE_QUOTE has no per-source rejection code."
R12-20260318,2026-03-18,FILLED,10535,1453,13.792121499762697,434,9082,0,2026-01-28T14:00:00-05:00,2026-03-18T13:59:00-04:00,10535,10507,7866,2382,6011,1453,"Audit stages predate final dual-clock check; stages are diagnostics, not a single common-denominator funnel. NO_ADMISSIBLE_QUOTE has no per-source rejection code."
R12-20260429,2026-04-29,FILLED,9030,322,3.565891472868217,299,8708,0,2026-03-18T14:00:00-04:00,2026-04-29T13:59:00-04:00,9030,8259,760,326,754,322,"Audit stages predate final dual-clock check; stages are diagnostics, not a single common-denominator funnel. NO_ADMISSIBLE_QUOTE has no per-source rejection code."
R12-20260617,2026-06-17,NO_FROZEN_SIGNAL,10535,1098,10.422401518747034,216,9437,0,2026-04-29T14:00:00-04:00,2026-06-17T13:59:00-04:00,10535,10524,5550,1289,4766,1098,"Audit stages predate final dual-clock check; stages are diagnostics, not a single common-denominator funnel. NO_ADMISSIBLE_QUOTE has no per-source rejection code."
R12-20260729,2026-07-29,FILLED,9030,5053,55.95791805094131,5031,3977,0,2026-06-17T14:00:00-04:00,2026-07-29T13:59:00-04:00,9030,9021,9021,5245,8479,5053,"Audit stages predate final dual-clock check; stages are diagnostics, not a single common-denominator funnel. NO_ADMISSIBLE_QUOTE has no per-source rejection code."
R12-20260916,2026-09-16,NO_FILL_CASH_MARGIN_VM,10535,2120,20.123398196487894,1865,4864,3551,2026-07-29T14:00:00-04:00,2026-09-16T13:59:00-04:00,10535,10498,10498,4086,6701,2120,"Audit stages predate final dual-clock check; stages are diagnostics, not a single common-denominator funnel. NO_ADMISSIBLE_QUOTE has no per-source rejection code."
