file,column,data_type,unit,definition,missing_value_policy
data/scenario_summary.csv,run_id,text,,Unique combination of book (sample and cutoff) and scenario; runs reuse observations and are not independent trials.,Empty means not available or not applicable; never interpret as zero.
data/scenario_summary.csv,venue,text,,"Prediction-market venue; the reported strategy trades here are Polymarket, not Kalshi.",Empty means not available or not applicable; never interpret as zero.
data/scenario_summary.csv,source_row_1based,number,,"Original CSV physical row number, including the header as row 1.",Empty means not available or not applicable; never interpret as zero.
data/scenario_summary.csv,initial_cash_usd,number,USD,Modeled research amount in USD: initial cash. Not a live/private brokerage balance. Public research value rounded to cents.,Empty means not available or not applicable; never interpret as zero.
data/scenario_summary.csv,method,text,,Method. Preserved source metadata/diagnostic; consult the source provenance and DATA_README.,Empty means not available or not applicable; never interpret as zero.
data/scenario_summary.csv,margin_per_leg_usd,number,USD,Modeled research amount in USD: margin per leg. Not a live/private brokerage balance. Public research value rounded to cents.,Empty means not available or not applicable; never interpret as zero.
data/scenario_summary.csv,maintenance_per_leg_usd,number,USD,Modeled research amount in USD: maintenance per leg. Not a live/private brokerage balance. Public research value rounded to cents.,Empty means not available or not applicable; never interpret as zero.
data/scenario_summary.csv,extra_cents,number,,Extra cents. Preserved source metadata/diagnostic; consult the source provenance and DATA_README.,Empty means not available or not applicable; never interpret as zero.
data/scenario_summary.csv,pair_initial_usd,number,USD,Modeled research amount in USD: pair initial. Not a live/private brokerage balance. Public research value rounded to cents.,Empty means not available or not applicable; never interpret as zero.
data/scenario_summary.csv,pair_maintenance_usd,number,USD,Modeled research amount in USD: pair maintenance. Not a live/private brokerage balance. Public research value rounded to cents.,Empty means not available or not applicable; never interpret as zero.
data/scenario_summary.csv,financing_path_valid,boolean,,Financing path valid. Preserved source metadata/diagnostic; consult the source provenance and DATA_README.,Empty means not available or not applicable; never interpret as zero.
data/scenario_summary.csv,closed_positions,number,,Closed positions. Preserved source metadata/diagnostic; consult the source provenance and DATA_README.,Empty means not available or not applicable; never interpret as zero.
data/scenario_summary.csv,pending_positions,number,,Pending positions. Preserved source metadata/diagnostic; consult the source provenance and DATA_README.,Empty means not available or not applicable; never interpret as zero.
data/scenario_summary.csv,skips,number,,Skips. Preserved source metadata/diagnostic; consult the source provenance and DATA_README.,Empty means not available or not applicable; never interpret as zero.
data/scenario_summary.csv,margin_shortfall_batches,number,,Margin shortfall batches. Preserved source metadata/diagnostic; consult the source provenance and DATA_README.,Empty means not available or not applicable; never interpret as zero.
data/scenario_summary.csv,min_margin_excess_cash_usd,number,USD,Modeled research amount in USD: min margin excess cash. Not a live/private brokerage balance. Public research value rounded to cents.,Empty means not available or not applicable; never interpret as zero.
data/scenario_summary.csv,min_maintenance_excess_cash_usd,number,USD,Modeled research amount in USD: min maintenance excess cash. Not a live/private brokerage balance. Public research value rounded to cents.,Empty means not available or not applicable; never interpret as zero.
data/scenario_summary.csv,initial_margin_reserve_gap_batches,number,,Initial margin reserve gap batches. Preserved source metadata/diagnostic; consult the source provenance and DATA_README.,Empty means not available or not applicable; never interpret as zero.
data/scenario_summary.csv,min_uncommitted_cash_usd,number,USD,Modeled research amount in USD: min uncommitted cash. Not a live/private brokerage balance. Public research value rounded to cents.,Empty means not available or not applicable; never interpret as zero.
data/scenario_summary.csv,short_window_reserve_gap_batches,number,,Short window reserve gap batches. Preserved source metadata/diagnostic; consult the source provenance and DATA_README.,Empty means not available or not applicable; never interpret as zero.
data/scenario_summary.csv,median_profit_usd,number,USD,Modeled research amount in USD: median profit. Not a live/private brokerage balance. Public research value rounded to cents.,Empty means not available or not applicable; never interpret as zero.
data/scenario_summary.csv,median_account_contribution_pct,number,percentage points,Source-reported percentage: median account contribution. Preserve its named denominator. Public research value rounded to six decimal percentage points.,Empty means not available or not applicable; never interpret as zero.
data/scenario_summary.csv,median_standalone_return_pct,number,percentage points,Source-reported percentage: median standalone return. Preserve its named denominator. Public research value rounded to six decimal percentage points.,Empty means not available or not applicable; never interpret as zero.
data/scenario_summary.csv,median_marginal_commitment_return_pct,number,percentage points,Source-reported percentage: median marginal commitment return. Preserve its named denominator. Public research value rounded to six decimal percentage points.,Empty means not available or not applicable; never interpret as zero.
data/scenario_summary.csv,sum_closed_profit_usd,number,USD,Modeled research amount in USD: sum closed profit. Not a live/private brokerage balance. Public research value rounded to cents.,Empty means not available or not applicable; never interpret as zero.
data/scenario_summary.csv,shadow_sum_closed_profit_usd,number,USD,Modeled research amount in USD: shadow sum closed profit. Not a live/private brokerage balance. Public research value rounded to cents.,Empty means not available or not applicable; never interpret as zero.
data/scenario_summary.csv,positive_closed,number,,Positive closed. Preserved source metadata/diagnostic; consult the source provenance and DATA_README.,Empty means not available or not applicable; never interpret as zero.
data/scenario_summary.csv,end_cash_usd,number,USD,Modeled research amount in USD: end cash. Not a live/private brokerage balance. Public research value rounded to cents.,Empty means not available or not applicable; never interpret as zero.
data/scenario_summary.csv,end_margin_usd,number,USD,Modeled research amount in USD: end margin. Not a live/private brokerage balance. Public research value rounded to cents.,Empty means not available or not applicable; never interpret as zero.
data/scenario_summary.csv,end_uncommitted_cash_usd,number,USD,Modeled research amount in USD: end uncommitted cash. Not a live/private brokerage balance. Public research value rounded to cents.,Empty means not available or not applicable; never interpret as zero.
data/scenario_summary.csv,missing_joint_risk_history_batches,number,,Missing joint risk history batches. Preserved source metadata/diagnostic; consult the source provenance and DATA_README.,Empty means not available or not applicable; never interpret as zero.
data/scenario_summary.csv,complete_financed_NAV,number,USD,Final financed account cash/NAV only when all positions are complete and the modeled financing path remains valid.,Empty means not available or not applicable; never interpret as zero.
data/scenario_summary.csv,cash_conservation_error_usd,number,USD,Modeled research amount in USD: cash conservation error. Not a live/private brokerage balance. Public research value rounded to cents.,Empty means not available or not applicable; never interpret as zero.
data/scenario_summary.csv,max_margin_netting_benefit_usd,number,USD,Modeled research amount in USD: max margin netting benefit. Not a live/private brokerage balance. Public research value rounded to cents.,Empty means not available or not applicable; never interpret as zero.
data/scenario_summary.csv,true_OOS,boolean,,Explicit source validity flag: true OOS. False means this claim has not been established.,Empty means not available or not applicable; never interpret as zero.
data/scenario_summary.csv,verified_execution_capacity,boolean,,Explicit source validity flag: verified execution capacity. False means this claim has not been established.,Empty means not available or not applicable; never interpret as zero.
data/scenario_summary.csv,book,text,,all_signals_asof uses the September 1 cutoff; completed_calendar_cohort uses a calendar-filtered universe and later September 17 cutoff.,Empty means not available or not applicable; never interpret as zero.
data/scenario_summary.csv,scenario,text,,Frozen PM cost mode and maintenance-margin sensitivity; 950 is primary and 904.153 is a separate reference sensitivity.,Empty means not available or not applicable; never interpret as zero.
data/scenario_summary.csv,cutoff_et,text,,Cutoff et. Preserved source metadata/diagnostic; consult the source provenance and DATA_README.,Empty means not available or not applicable; never interpret as zero.
data/scenario_summary.csv,verified_broker_margins,boolean,,Explicit source validity flag: verified broker margins. False means this claim has not been established.,Empty means not available or not applicable; never interpret as zero.
data/scenario_summary.csv,verified_PM_execution_capacity,boolean,,Explicit source validity flag: verified PM execution capacity. False means this claim has not been established.,Empty means not available or not applicable; never interpret as zero.
data/scenario_summary.csv,complete_holding_solvency_certified,boolean,,Explicit source validity flag: complete holding solvency certified. False means this claim has not been established.,Empty means not available or not applicable; never interpret as zero.
data/scenario_summary.csv,pair_rate_status,text,,Pair rate status. Preserved source metadata/diagnostic; consult the source provenance and DATA_README.,Empty means not available or not applicable; never interpret as zero.
data/scenario_summary.csv,realized_full_account_return_pct,number,percentage points,100*(complete_financed_NAV/initial_cash_usd-1); not median trade ROI. Public research value rounded to six decimal percentage points.,Empty means not available or not applicable; never interpret as zero.
data/scenario_summary.csv,minimum_closed_trade_profit_usd,number,USD,Modeled research amount in USD: minimum closed trade profit. Not a live/private brokerage balance. Public research value rounded to cents.,Empty means not available or not applicable; never interpret as zero.
data/scenario_summary.csv,maximum_closed_trade_profit_usd,number,USD,Modeled research amount in USD: maximum closed trade profit. Not a live/private brokerage balance. Public research value rounded to cents.,Empty means not available or not applicable; never interpret as zero.
data/scenario_summary.csv,cost_mode,text,,old_proxy: midpoint + 2 cents; book_replace_2c: observed ask sweep replaces 2 cents for five books; book_retain_2c: keeps 2 cents on top. Others retain proxy costs.,Empty means not available or not applicable; never interpret as zero.
data/scenario_summary.csv,displayed_book_trades,number,,Displayed book trades. Preserved source metadata/diagnostic; consult the source provenance and DATA_README.,Empty means not available or not applicable; never interpret as zero.
data/scenario_summary.csv,proxy_cost_trades,number,,Proxy cost trades. Preserved source metadata/diagnostic; consult the source provenance and DATA_README.,Empty means not available or not applicable; never interpret as zero.
data/scenario_summary.csv,source_signal_count,number,,Source signal count. Preserved source metadata/diagnostic; consult the source provenance and DATA_README.,Empty means not available or not applicable; never interpret as zero.
data/scenario_summary.csv,source_ready_count,number,,Source ready count. Preserved source metadata/diagnostic; consult the source provenance and DATA_README.,Empty means not available or not applicable; never interpret as zero.
data/scenario_summary.csv,packages_total,number,,Packages total. Preserved source metadata/diagnostic; consult the source provenance and DATA_README.,Empty means not available or not applicable; never interpret as zero.
data/scenario_summary.csv,median_entry_two_state_floor_roi_pct,number,percentage points,Source-reported percentage: median entry two state floor roi. Preserve its named denominator. Public research value rounded to six decimal percentage points.,Empty means not available or not applicable; never interpret as zero.
data/scenario_summary.csv,static_book_coverage_incomplete,boolean,,Static book coverage incomplete. Preserved source metadata/diagnostic; consult the source provenance and DATA_README.,Empty means not available or not applicable; never interpret as zero.
data/scenario_summary.csv,annualization_start_utc,text,,Earliest original candidate execution; preserve this source window rather than annualizing each trade.,Empty means not available or not applicable; never interpret as zero.
data/scenario_summary.csv,annualization_end_utc,text,,Account evaluation cutoff; differs between the two books.,Empty means not available or not applicable; never interpret as zero.
data/scenario_summary.csv,calendar_years,number,,Elapsed seconds between annualization start and end divided by 365.25*86400.,Empty means not available or not applicable; never interpret as zero.
data/scenario_summary.csv,calendar_cagr_pct,number,percentage points,100*((complete_financed_NAV/initial_cash_usd)^(1/calendar_years)-1) over the explicitly preserved window. Public research value rounded to six decimal percentage points.,Empty means not available or not applicable; never interpret as zero.
data/trade_results.csv,trade_id,text,,Run-scoped position identifier; empty for account-wide ledger snapshots. In skips this identifies a candidate that was not filled.,Empty means not available or not applicable; never interpret as zero.
data/trade_results.csv,candidate_id,text,,Stable meeting-level Polymarket candidate identifier across runs; corresponds to the frozen original first signal.,Empty means not available or not applicable; never interpret as zero.
data/trade_results.csv,run_id,text,,Unique combination of book (sample and cutoff) and scenario; runs reuse observations and are not independent trials.,Empty means not available or not applicable; never interpret as zero.
data/trade_results.csv,venue,text,,"Prediction-market venue; the reported strategy trades here are Polymarket, not Kalshi.",Empty means not available or not applicable; never interpret as zero.
data/trade_results.csv,source_row_1based,number,,"Original CSV physical row number, including the header as row 1.",Empty means not available or not applicable; never interpret as zero.
data/trade_results.csv,book,text,,all_signals_asof uses the September 1 cutoff; completed_calendar_cohort uses a calendar-filtered universe and later September 17 cutoff.,Empty means not available or not applicable; never interpret as zero.
data/trade_results.csv,scenario,text,,Frozen PM cost mode and maintenance-margin sensitivity; 950 is primary and 904.153 is a separate reference sensitivity.,Empty means not available or not applicable; never interpret as zero.
data/trade_results.csv,meeting_date,text,,"Scheduled FOMC decision date, YYYY-MM-DD.",Empty means not available or not applicable; never interpret as zero.
data/trade_results.csv,execution_et,text,,Execution et. Preserved source metadata/diagnostic; consult the source provenance and DATA_README.,Empty means not available or not applicable; never interpret as zero.
data/trade_results.csv,execution_ts,number,Unix seconds,"Frozen execution cutoff in Unix seconds, 60 seconds after the original qualifying signal.",Empty means not available or not applicable; never interpret as zero.
data/trade_results.csv,status,text,,"Recorded source state. CLOSED means PM paid and both CME legs completed; non-fill codes are retained as failures, not deleted.",Empty means not available or not applicable; never interpret as zero.
data/trade_results.csv,near_symbol,text,,Near symbol. Preserved source metadata/diagnostic; consult the source provenance and DATA_README.,Empty means not available or not applicable; never interpret as zero.
data/trade_results.csv,far_symbol,text,,Far symbol. Preserved source metadata/diagnostic; consult the source provenance and DATA_README.,Empty means not available or not applicable; never interpret as zero.
data/trade_results.csv,actual_outcome,text,,"Predicate label of the underlying YES contract, not the realized winner.",Empty means not available or not applicable; never interpret as zero.
data/trade_results.csv,actual_buy_side,text,,YES or NO token side actually bought; a NO share is not a short YES position.,Empty means not available or not applicable; never interpret as zero.
data/trade_results.csv,standalone_committed_usd,number,USD,Entry cash outlay plus standalone required liquidity under the declared hypothetical margin/VM model. Public research value rounded to cents.,Empty means not available or not applicable; never interpret as zero.
data/trade_results.csv,financed_profit_usd,number,USD,Closed profit retained only when the modeled account financing path is valid. Public research value rounded to cents.,Empty means not available or not applicable; never interpret as zero.
data/trade_results.csv,account_contribution_pct,number,percentage points,Source-reported percentage: account contribution. Preserve its named denominator. Public research value rounded to six decimal percentage points.,Empty means not available or not applicable; never interpret as zero.
data/trade_results.csv,standalone_return_pct,number,percentage points,100 times financed trade profit divided by standalone committed capital. Public research value rounded to six decimal percentage points.,Empty means not available or not applicable; never interpret as zero.
data/trade_results.csv,completion_et,text,,Completion et. Preserved source metadata/diagnostic; consult the source provenance and DATA_README.,Empty means not available or not applicable; never interpret as zero.
data/trade_results.csv,cost_source,text,,Cost source. Preserved source metadata/diagnostic; consult the source provenance and DATA_README.,Empty means not available or not applicable; never interpret as zero.
data/trade_results.csv,new_pm_book_available,boolean,,New pm book available. Preserved source metadata/diagnostic; consult the source provenance and DATA_README.,Empty means not available or not applicable; never interpret as zero.
data/trade_results.csv,cme_mbp10_validated,boolean,,Cme mbp10 validated. Preserved source metadata/diagnostic; consult the source provenance and DATA_README.,Empty means not available or not applicable; never interpret as zero.
data/trade_results.csv,entry_two_state_floor_roi_pct,number,percentage points,"Two-state quoted profit floor divided by standalone commitment, percent. Public research value rounded to six decimal percentage points.",Empty means not available or not applicable; never interpret as zero.
data/trade_results.csv,realized_full_funding_roi_pct,number,percentage points,"Same standalone financed trade return denominator, not a return on PM premium alone. Public research value rounded to six decimal percentage points.",Empty means not available or not applicable; never interpret as zero.
data/trade_results.csv,is_realized_profit,boolean,,Is realized profit. Preserved source metadata/diagnostic; consult the source provenance and DATA_README.,Empty means not available or not applicable; never interpret as zero.
data/skipped_candidates.csv,trade_id,text,,Run-scoped position identifier; empty for account-wide ledger snapshots. In skips this identifies a candidate that was not filled.,Empty means not available or not applicable; never interpret as zero.
data/skipped_candidates.csv,candidate_id,text,,Stable meeting-level Polymarket candidate identifier across runs; corresponds to the frozen original first signal.,Empty means not available or not applicable; never interpret as zero.
data/skipped_candidates.csv,run_id,text,,Unique combination of book (sample and cutoff) and scenario; runs reuse observations and are not independent trials.,Empty means not available or not applicable; never interpret as zero.
data/skipped_candidates.csv,venue,text,,"Prediction-market venue; the reported strategy trades here are Polymarket, not Kalshi.",Empty means not available or not applicable; never interpret as zero.
data/skipped_candidates.csv,source_row_1based,number,,"Original CSV physical row number, including the header as row 1.",Empty means not available or not applicable; never interpret as zero.
data/skipped_candidates.csv,book,text,,all_signals_asof uses the September 1 cutoff; completed_calendar_cohort uses a calendar-filtered universe and later September 17 cutoff.,Empty means not available or not applicable; never interpret as zero.
data/skipped_candidates.csv,scenario,text,,Frozen PM cost mode and maintenance-margin sensitivity; 950 is primary and 904.153 is a separate reference sensitivity.,Empty means not available or not applicable; never interpret as zero.
data/skipped_candidates.csv,meeting_date,text,,"Scheduled FOMC decision date, YYYY-MM-DD.",Empty means not available or not applicable; never interpret as zero.
data/skipped_candidates.csv,status,text,,"Recorded source state. CLOSED means PM paid and both CME legs completed; non-fill codes are retained as failures, not deleted.",Empty means not available or not applicable; never interpret as zero.
data/skipped_candidates.csv,execution_ts,number,Unix seconds,"Frozen execution cutoff in Unix seconds, 60 seconds after the original qualifying signal.",Empty means not available or not applicable; never interpret as zero.
data/candidate_inventory.csv,candidate_id,text,,Stable meeting-level Polymarket candidate identifier across runs; corresponds to the frozen original first signal.,Empty means not available or not applicable; never interpret as zero.
data/candidate_inventory.csv,venue,text,,"Prediction-market venue; the reported strategy trades here are Polymarket, not Kalshi.",Empty means not available or not applicable; never interpret as zero.
data/candidate_inventory.csv,source_row_1based,number,,"Original CSV physical row number, including the header as row 1.",Empty means not available or not applicable; never interpret as zero.
data/candidate_inventory.csv,meeting_date,text,,"Scheduled FOMC decision date, YYYY-MM-DD.",Empty means not available or not applicable; never interpret as zero.
data/candidate_inventory.csv,anchor_ts,number,Unix seconds,Original signal minute anchor in Unix seconds; not a new signal search.,Empty means not available or not applicable; never interpret as zero.
data/candidate_inventory.csv,event_id,text,,Event id. Preserved source metadata/diagnostic; consult the source provenance and DATA_README.,Empty means not available or not applicable; never interpret as zero.
data/candidate_inventory.csv,date_et,text,,Date et. Preserved source metadata/diagnostic; consult the source provenance and DATA_README.,Empty means not available or not applicable; never interpret as zero.
data/candidate_inventory.csv,instrument,text,,Instrument. Preserved source metadata/diagnostic; consult the source provenance and DATA_README.,Empty means not available or not applicable; never interpret as zero.
data/candidate_inventory.csv,leg_near,text,,"Named near delivery month, YYYY-MM; never a continuous futures series.",Empty means not available or not applicable; never interpret as zero.
data/candidate_inventory.csv,leg_far,text,,"Named far delivery month, YYYY-MM; never a continuous futures series.",Empty means not available or not applicable; never interpret as zero.
data/candidate_inventory.csv,previous_fomc_14et_ts,number,Unix seconds,Previous fomc 14et ts. Preserved source metadata/diagnostic; consult the source provenance and DATA_README.,Empty means not available or not applicable; never interpret as zero.
data/candidate_inventory.csv,meeting_14et_ts,number,Unix seconds,Meeting 14et ts. Preserved source metadata/diagnostic; consult the source provenance and DATA_README.,Empty means not available or not applicable; never interpret as zero.
data/candidate_inventory.csv,in_next_meeting_window,boolean,,In next meeting window. Preserved source metadata/diagnostic; consult the source provenance and DATA_README.,Empty means not available or not applicable; never interpret as zero.
data/candidate_inventory.csv,liveness_pass,boolean,,Liveness pass. Preserved source metadata/diagnostic; consult the source provenance and DATA_README.,Empty means not available or not applicable; never interpret as zero.
data/candidate_inventory.csv,N,number,,"Unrounded theoretical digital shares per package, 1041.75 times span.",Empty means not available or not applicable; never interpret as zero.
data/candidate_inventory.csv,quantity,number,,Integer digital shares per one CME spread package; rounded hedge quantity.,Empty means not available or not applicable; never interpret as zero.
data/candidate_inventory.csv,cme_route,text,,Cme route. Preserved source metadata/diagnostic; consult the source provenance and DATA_README.,Empty means not available or not applicable; never interpret as zero.
data/candidate_inventory.csv,cme_direction_sign,number,,Ledger sigma: near contracts have sign -sigma and far contracts +sigma; sigma=-1 buys the near-minus-far spread.,Empty means not available or not applicable; never interpret as zero.
data/candidate_inventory.csv,actual_buy_side,text,,YES or NO token side actually bought; a NO share is not a short YES position.,Empty means not available or not applicable; never interpret as zero.
data/candidate_inventory.csv,actual_outcome,text,,"Predicate label of the underlying YES contract, not the realized winner.",Empty means not available or not applicable; never interpret as zero.
data/candidate_inventory.csv,original_yes_ladder_sum,number,,"Derived contemporaneous sum of the original YES ladder quotes, not a normalized probability distribution.",Empty means not available or not applicable; never interpret as zero.
data/candidate_inventory.csv,omitted_max,number,,Omitted max. Preserved source metadata/diagnostic; consult the source provenance and DATA_README.,Empty means not available or not applicable; never interpret as zero.
data/candidate_inventory.csv,d0_bp,number,basis points,"First of the two selected policy-change states, in bp. The quoted floor is conditional on these two states only.",Empty means not available or not applicable; never interpret as zero.
data/candidate_inventory.csv,d1_bp,number,basis points,"Second of the two selected policy-change states, in bp; omitted tails remain a separate risk.",Empty means not available or not applicable; never interpret as zero.
data/candidate_inventory.csv,execution_ts,number,Unix seconds,"Frozen execution cutoff in Unix seconds, 60 seconds after the original qualifying signal.",Empty means not available or not applicable; never interpret as zero.
data/candidate_inventory.csv,execution_status,text,,Frozen delayed execution eligibility; READY does not guarantee a funded position or actual exchange fill.,Empty means not available or not applicable; never interpret as zero.
data/candidate_inventory.csv,execution_et,text,,Execution et. Preserved source metadata/diagnostic; consult the source provenance and DATA_README.,Empty means not available or not applicable; never interpret as zero.
data/candidate_inventory.csv,pm_age_sec,number,,Pm age sec. Preserved source metadata/diagnostic; consult the source provenance and DATA_README.,Empty means not available or not applicable; never interpret as zero.
data/candidate_inventory.csv,span,number,,Calendar coefficient linking one spread to the selected decision; dimensionless.,Empty means not available or not applicable; never interpret as zero.
data/candidate_inventory.csv,history_observations,number,,History observations. Preserved source metadata/diagnostic; consult the source provenance and DATA_README.,Empty means not available or not applicable; never interpret as zero.
data/candidate_inventory.csv,history_start,text,,History start. Preserved source metadata/diagnostic; consult the source provenance and DATA_README.,Empty means not available or not applicable; never interpret as zero.
data/candidate_inventory.csv,history_end,text,,History end. Preserved source metadata/diagnostic; consult the source provenance and DATA_README.,Empty means not available or not applicable; never interpret as zero.
data/candidate_inventory.csv,rule_lower_bp,number,basis points,Rule lower bp. Preserved source metadata/diagnostic; consult the source provenance and DATA_README.,Empty means not available or not applicable; never interpret as zero.
data/candidate_inventory.csv,rule_upper_bp,number,basis points,Rule upper bp. Preserved source metadata/diagnostic; consult the source provenance and DATA_README.,Empty means not available or not applicable; never interpret as zero.
data/candidate_inventory.csv,lower_inclusive,boolean,,Lower inclusive. Preserved source metadata/diagnostic; consult the source provenance and DATA_README.,Empty means not available or not applicable; never interpret as zero.
data/candidate_inventory.csv,upper_inclusive,boolean,,Upper inclusive. Preserved source metadata/diagnostic; consult the source provenance and DATA_README.,Empty means not available or not applicable; never interpret as zero.
data/candidate_inventory.csv,rules_core_ambiguous,boolean,,Rules core ambiguous. Preserved source metadata/diagnostic; consult the source provenance and DATA_README.,Empty means not available or not applicable; never interpret as zero.
data/candidate_inventory.csv,rules_wording_inconsistency,boolean,,Rules wording inconsistency. Preserved source metadata/diagnostic; consult the source provenance and DATA_README.,Empty means not available or not applicable; never interpret as zero.
data/candidate_inventory.csv,bin_kind,text,,Bin kind. Preserved source metadata/diagnostic; consult the source provenance and DATA_README.,Empty means not available or not applicable; never interpret as zero.
data/candidate_inventory.csv,rule_parse_source,text,,Rule parse source. Preserved source metadata/diagnostic; consult the source provenance and DATA_README.,Empty means not available or not applicable; never interpret as zero.
data/candidate_inventory.csv,ladder_sum_quality_flag,text,,NOT_NORMALIZED_OVER_1 flags a sum above one; in particular 2024-03-20 is 1.285 (128.5%). It is not silently treated as clean.,Empty means not available or not applicable; never interpret as zero.
data/pm_cost_impact.csv,candidate_id,text,,Stable meeting-level Polymarket candidate identifier across runs; corresponds to the frozen original first signal.,Empty means not available or not applicable; never interpret as zero.
data/pm_cost_impact.csv,venue,text,,"Prediction-market venue; the reported strategy trades here are Polymarket, not Kalshi.",Empty means not available or not applicable; never interpret as zero.
data/pm_cost_impact.csv,source_row_1based,number,,"Original CSV physical row number, including the header as row 1.",Empty means not available or not applicable; never interpret as zero.
data/pm_cost_impact.csv,meeting_date,text,,"Scheduled FOMC decision date, YYYY-MM-DD.",Empty means not available or not applicable; never interpret as zero.
data/pm_cost_impact.csv,execution_ts,number,Unix seconds,"Frozen execution cutoff in Unix seconds, 60 seconds after the original qualifying signal.",Empty means not available or not applicable; never interpret as zero.
data/pm_cost_impact.csv,source_age_sec,number,,Source age sec. Preserved source metadata/diagnostic; consult the source provenance and DATA_README.,Empty means not available or not applicable; never interpret as zero.
data/pm_cost_impact.csv,collector_age_sec,number,,Collector age sec. Preserved source metadata/diagnostic; consult the source provenance and DATA_README.,Empty means not available or not applicable; never interpret as zero.
data/pm_cost_impact.csv,book_valid,boolean,,Book valid. Preserved source metadata/diagnostic; consult the source provenance and DATA_README.,Empty means not available or not applicable; never interpret as zero.
data/pm_cost_impact.csv,one_package_depth_complete,boolean,,One package depth complete. Preserved source metadata/diagnostic; consult the source provenance and DATA_README.,Empty means not available or not applicable; never interpret as zero.
data/pm_cost_impact.csv,original_size_depth_complete,boolean,,Original size depth complete. Preserved source metadata/diagnostic; consult the source provenance and DATA_README.,Empty means not available or not applicable; never interpret as zero.
data/pm_cost_impact.csv,original_size_slippage_from_mid_cents,number,,"Derived old-size ask-sweep VWAP minus the old midpoint proxy, cents per PM share.",Empty means not available or not applicable; never interpret as zero.
data/coverage_historical38.csv,source_row_1based,number,,"Original CSV physical row number, including the header as row 1.",Empty means not available or not applicable; never interpret as zero.
data/coverage_historical38.csv,coverage_id,text,,Coverage id. Preserved source metadata/diagnostic; consult the source provenance and DATA_README.,Empty means not available or not applicable; never interpret as zero.
data/coverage_historical38.csv,meeting_date,text,,"Scheduled FOMC decision date, YYYY-MM-DD.",Empty means not available or not applicable; never interpret as zero.
data/coverage_historical38.csv,audit_asof,text,,Vintage of the coverage audit; later account results use a different pipeline.,Empty means not available or not applicable; never interpret as zero.
data/coverage_historical38.csv,primary_exclusion_code,text,,Primary exclusion code. Preserved source metadata/diagnostic; consult the source provenance and DATA_README.,Empty means not available or not applicable; never interpret as zero.
data/coverage_historical38.csv,canonical_event_id,text,,Canonical event id. Preserved source metadata/diagnostic; consult the source provenance and DATA_README.,Empty means not available or not applicable; never interpret as zero.
data/coverage_historical38.csv,metadata_markets,number,,Metadata markets. Preserved source metadata/diagnostic; consult the source provenance and DATA_README.,Empty means not available or not applicable; never interpret as zero.
data/coverage_historical38.csv,ladder_signature,text,,Ladder signature. Preserved source metadata/diagnostic; consult the source provenance and DATA_README.,Empty means not available or not applicable; never interpret as zero.
data/coverage_historical38.csv,calendar_instrument,text,,Calendar instrument. Preserved source metadata/diagnostic; consult the source provenance and DATA_README.,Empty means not available or not applicable; never interpret as zero.
data/coverage_historical38.csv,leg_near,text,,"Named near delivery month, YYYY-MM; never a continuous futures series.",Empty means not available or not applicable; never interpret as zero.
data/coverage_historical38.csv,leg_far,text,,"Named far delivery month, YYYY-MM; never a continuous futures series.",Empty means not available or not applicable; never interpret as zero.
data/coverage_historical38.csv,rule_conflict_evidence,text,,Rule conflict evidence. Preserved source metadata/diagnostic; consult the source provenance and DATA_README.,Empty means not available or not applicable; never interpret as zero.
data/coverage_historical38.csv,poly_local_history,boolean,,Poly local history. Preserved source metadata/diagnostic; consult the source provenance and DATA_README.,Empty means not available or not applicable; never interpret as zero.
data/coverage_historical38.csv,audit_valid_minutes,number,,Earlier coverage-audit diagnostic: audit valid minutes. Different vintage/denominator from final rolling coverage.,Empty means not available or not applicable; never interpret as zero.
data/coverage_historical38.csv,latest_rolling_status,text,,Latest rolling status. Preserved source metadata/diagnostic; consult the source provenance and DATA_README.,Empty means not available or not applicable; never interpret as zero.
data/coverage_historical38.csv,latest_rolling_valid_minutes,number,,Latest rolling valid minutes. Preserved source metadata/diagnostic; consult the source provenance and DATA_README.,Empty means not available or not applicable; never interpret as zero.
data/coverage_historical38.csv,kalshi_candle_rows,number,,Kalshi candle rows. Preserved source metadata/diagnostic; consult the source provenance and DATA_README.,Empty means not available or not applicable; never interpret as zero.
data/coverage_historical38.csv,kalshi_listed_legs,number,,Kalshi listed legs. Preserved source metadata/diagnostic; consult the source provenance and DATA_README.,Empty means not available or not applicable; never interpret as zero.
data/coverage_historical38.csv,kalshi_rules_strict,text,,Kalshi rules strict. Preserved source metadata/diagnostic; consult the source provenance and DATA_README.,Empty means not available or not applicable; never interpret as zero.
data/coverage_historical38.csv,kalshi_clean_calendar,text,,Kalshi clean calendar. Preserved source metadata/diagnostic; consult the source provenance and DATA_README.,Empty means not available or not applicable; never interpret as zero.
data/coverage_historical38.csv,kalshi_all_leg_same_minute,number,,Kalshi all leg same minute. Preserved source metadata/diagnostic; consult the source provenance and DATA_README.,Empty means not available or not applicable; never interpret as zero.
data/coverage_historical38.csv,kalshi_exact_primary_same_minute,number,,Kalshi exact primary same minute. Preserved source metadata/diagnostic; consult the source provenance and DATA_README.,Empty means not available or not applicable; never interpret as zero.
data/coverage_historical38.csv,minimum_next_action,text,,Minimum next action. Preserved source metadata/diagnostic; consult the source provenance and DATA_README.,Empty means not available or not applicable; never interpret as zero.
data/coverage_historical38.csv,recoverability_limit,text,,Recoverability limit. Preserved source metadata/diagnostic; consult the source provenance and DATA_README.,Empty means not available or not applicable; never interpret as zero.
data/coverage_historical38.csv,primary_reason_en,text,,English translation of the source eligibility/exclusion explanation; the inventory also contains signals and no-signal outcomes.,Empty means not available or not applicable; never interpret as zero.
data/coverage_latest12.csv,coverage_id,text,,Coverage id. Preserved source metadata/diagnostic; consult the source provenance and DATA_README.,Empty means not available or not applicable; never interpret as zero.
data/coverage_latest12.csv,meeting_date,text,,"Scheduled FOMC decision date, YYYY-MM-DD.",Empty means not available or not applicable; never interpret as zero.
data/coverage_latest12.csv,status,text,,"Recorded source state. CLOSED means PM paid and both CME legs completed; non-fill codes are retained as failures, not deleted.",Empty means not available or not applicable; never interpret as zero.
data/coverage_latest12.csv,scheduled_minutes,number,,Scheduled minutes. Preserved source metadata/diagnostic; consult the source provenance and DATA_README.,Empty means not available or not applicable; never interpret as zero.
data/coverage_latest12.csv,valid_minutes,number,,Valid minutes. Preserved source metadata/diagnostic; consult the source provenance and DATA_README.,Empty means not available or not applicable; never interpret as zero.
data/coverage_latest12.csv,coverage_pct,number,percentage points,100*valid_minutes/scheduled_minutes for the final rolling window; older audit-stage counts use different denominators.,Empty means not available or not applicable; never interpret as zero.
data/coverage_latest12.csv,positive_conditional_minutes,number,,Positive conditional minutes. Preserved source metadata/diagnostic; consult the source provenance and DATA_README.,Empty means not available or not applicable; never interpret as zero.
data/coverage_latest12.csv,no_admissible_minutes,number,,No admissible minutes. Preserved source metadata/diagnostic; consult the source provenance and DATA_README.,Empty means not available or not applicable; never interpret as zero.
data/coverage_latest12.csv,beyond_cme_cutoff_minutes,number,,Beyond cme cutoff minutes. Preserved source metadata/diagnostic; consult the source provenance and DATA_README.,Empty means not available or not applicable; never interpret as zero.
data/coverage_latest12.csv,window_first_et,text,,Window first et. Preserved source metadata/diagnostic; consult the source provenance and DATA_README.,Empty means not available or not applicable; never interpret as zero.
data/coverage_latest12.csv,window_last_et,text,,Window last et. Preserved source metadata/diagnostic; consult the source provenance and DATA_README.,Empty means not available or not applicable; never interpret as zero.
data/coverage_latest12.csv,audit_next_window_minutes,number,,Earlier coverage-audit diagnostic: audit next window minutes. Different vintage/denominator from final rolling coverage.,Empty means not available or not applicable; never interpret as zero.
data/coverage_latest12.csv,audit_strict_fresh_minutes,number,,Earlier coverage-audit diagnostic: audit strict fresh minutes. Different vintage/denominator from final rolling coverage.,Empty means not available or not applicable; never interpret as zero.
data/coverage_latest12.csv,audit_adjacent_point_minutes,number,,Earlier coverage-audit diagnostic: audit adjacent point minutes. Different vintage/denominator from final rolling coverage.,Empty means not available or not applicable; never interpret as zero.
data/coverage_latest12.csv,audit_both_main_yes_live_minutes,number,,Earlier coverage-audit diagnostic: audit both main yes live minutes. Different vintage/denominator from final rolling coverage.,Empty means not available or not applicable; never interpret as zero.
data/coverage_latest12.csv,audit_pre_liveness_cme_matched_minutes,number,,Earlier coverage-audit diagnostic: audit pre liveness cme matched minutes. Different vintage/denominator from final rolling coverage.,Empty means not available or not applicable; never interpret as zero.
data/coverage_latest12.csv,audit_valid_minutes,number,,Earlier coverage-audit diagnostic: audit valid minutes. Different vintage/denominator from final rolling coverage.,Empty means not available or not applicable; never interpret as zero.
data/coverage_latest12.csv,note,text,,Source limitations and provenance; coverage-stage counts must not be combined into one funnel.,Empty means not available or not applicable; never interpret as zero.
data/kalshi_inventory28.csv,coverage_id,text,,Coverage id. Preserved source metadata/diagnostic; consult the source provenance and DATA_README.,Empty means not available or not applicable; never interpret as zero.
data/kalshi_inventory28.csv,venue,text,,"Prediction-market venue; the reported strategy trades here are Polymarket, not Kalshi.",Empty means not available or not applicable; never interpret as zero.
data/kalshi_inventory28.csv,meeting_date,text,,"Scheduled FOMC decision date, YYYY-MM-DD.",Empty means not available or not applicable; never interpret as zero.
data/kalshi_inventory28.csv,event_ticker,text,,Event ticker. Preserved source metadata/diagnostic; consult the source provenance and DATA_README.,Empty means not available or not applicable; never interpret as zero.
data/kalshi_inventory28.csv,open_time,text,,Open time. Preserved source metadata/diagnostic; consult the source provenance and DATA_README.,Empty means not available or not applicable; never interpret as zero.
data/kalshi_inventory28.csv,close_time,text,,Close time. Preserved source metadata/diagnostic; consult the source provenance and DATA_README.,Empty means not available or not applicable; never interpret as zero.
data/kalshi_inventory28.csv,leg_count,number,,Leg count. Preserved source metadata/diagnostic; consult the source provenance and DATA_README.,Empty means not available or not applicable; never interpret as zero.
data/kalshi_inventory28.csv,mapping_basis,text,,Mapping basis. Preserved source metadata/diagnostic; consult the source provenance and DATA_README.,Empty means not available or not applicable; never interpret as zero.
data/kalshi_inventory28.csv,clean_cme_calendar_instrument,boolean,,Clean cme calendar instrument. Preserved source metadata/diagnostic; consult the source provenance and DATA_README.,Empty means not available or not applicable; never interpret as zero.
data/kalshi_inventory28.csv,instrument,text,,Instrument. Preserved source metadata/diagnostic; consult the source provenance and DATA_README.,Empty means not available or not applicable; never interpret as zero.
data/kalshi_inventory28.csv,source,text,,Source. Preserved source metadata/diagnostic; consult the source provenance and DATA_README.,Empty means not available or not applicable; never interpret as zero.
data/kalshi_inventory28.csv,market_tickers,text,,Market tickers. Preserved source metadata/diagnostic; consult the source provenance and DATA_README.,Empty means not available or not applicable; never interpret as zero.
data/kalshi_inventory28.csv,markets,number,,Markets. Preserved source metadata/diagnostic; consult the source provenance and DATA_README.,Empty means not available or not applicable; never interpret as zero.
data/kalshi_inventory28.csv,candle_rows,number,,Candle rows. Preserved source metadata/diagnostic; consult the source provenance and DATA_README.,Empty means not available or not applicable; never interpret as zero.
data/kalshi_inventory28.csv,new_chunks,number,,New chunks. Preserved source metadata/diagnostic; consult the source provenance and DATA_README.,Empty means not available or not applicable; never interpret as zero.
data/kalshi_inventory28.csv,first_ts,number,Unix seconds,First ts. Preserved source metadata/diagnostic; consult the source provenance and DATA_README.,Empty means not available or not applicable; never interpret as zero.
data/kalshi_inventory28.csv,last_ts,number,Unix seconds,Last ts. Preserved source metadata/diagnostic; consult the source provenance and DATA_README.,Empty means not available or not applicable; never interpret as zero.
