coverage_id,venue,meeting_date,event_ticker,open_time,close_time,leg_count,mapping_basis,clean_cme_calendar_instrument,instrument,source,market_tickers,markets,candle_rows,new_chunks,first_ts,last_ts
K28-20230503,Kalshi,2023-05-03,FEDDECISION-23MAY,2023-04-07T14:00:00Z,2023-05-03T17:55:00Z,6,close_date_exact_matches_FOMC_calendar,True,BACK,historical,FEDDECISION-23MAY-C25|FEDDECISION-23MAY-H0|FEDDECISION-23MAY-H25|FEDDECISION-23MAY-H50|FEDDECISION-23MAY-TC25|FEDDECISION-23MAY-TH50,6,1195,12,1680876600,1683136500
K28-20230614,Kalshi,2023-06-14,FEDDECISION-23JUN,2023-05-03T20:00:00Z,2023-06-14T17:55:00Z,5,close_date_exact_matches_FOMC_calendar,False,,historical,FEDDECISION-23JUN-C25|FEDDECISION-23JUN-C>25|FEDDECISION-23JUN-H0|FEDDECISION-23JUN-H25|FEDDECISION-23JUN-H>25,5,2117,65,1683144900,1686765120
K28-20230726,Kalshi,2023-07-26,FEDDECISION-23JUL,2023-06-14T16:00:00Z,2023-07-26T17:55:00Z,5,close_date_exact_matches_FOMC_calendar,True,FRONT,historical,FEDDECISION-23JUL-C25|FEDDECISION-23JUL-C>25|FEDDECISION-23JUL-H0|FEDDECISION-23JUL-H25|FEDDECISION-23JUL-H>25,5,632,30,1686758520,1690393620
K28-20230920,Kalshi,2023-09-20,FEDDECISION-23SEP,2023-07-26T18:00:00Z,2023-09-20T17:55:00Z,5,close_date_exact_matches_FOMC_calendar,True,FRONT,historical,FEDDECISION-23SEP-C25|FEDDECISION-23SEP-C>25|FEDDECISION-23SEP-H0|FEDDECISION-23SEP-H25|FEDDECISION-23SEP-H>25,5,1167,50,1690394700,1695232440
K28-20231101,Kalshi,2023-11-01,FEDDECISION-23NOV,2023-09-22T20:00:00Z,2023-11-01T17:55:00Z,5,close_date_exact_matches_FOMC_calendar,True,BACK,historical,FEDDECISION-23NOV-C25|FEDDECISION-23NOV-C26|FEDDECISION-23NOV-H0|FEDDECISION-23NOV-H25|FEDDECISION-23NOV-H26,5,1228,30,1695417000,1698861000
K28-20231213,Kalshi,2023-12-13,FEDDECISION-23DEC,2023-11-01T19:00:00Z,2023-12-13T18:55:00Z,5,close_date_exact_matches_FOMC_calendar,True,FRONT,historical,FEDDECISION-23DEC-C24|FEDDECISION-23DEC-C25|FEDDECISION-23DEC-H0|FEDDECISION-23DEC-H25|FEDDECISION-23DEC-H26,5,955,30,1698867060,1702492140
K28-20240131,Kalshi,2024-01-31,FEDDECISION-24JAN31,2023-12-13T19:05:00Z,2024-01-31T18:55:00Z,5,close_date_exact_matches_FOMC_calendar,True,FRONT,historical,FEDDECISION-24JAN31-C25|FEDDECISION-24JAN31-C26|FEDDECISION-24JAN31-H0|FEDDECISION-24JAN31-H25|FEDDECISION-24JAN31-H26,5,340,40,1702495560,1706726700
K28-20240320,Kalshi,2024-03-20,FEDDECISION-24MAR20,2024-01-31T19:05:00Z,2024-03-20T17:55:00Z,5,close_date_exact_matches_FOMC_calendar,True,FRONT,historical,FEDDECISION-24MAR20-C25|FEDDECISION-24MAR20-C26|FEDDECISION-24MAR20-H0|FEDDECISION-24MAR20-H25|FEDDECISION-24MAR20-H26,5,758,40,1706730240,1710956400
K28-20240501,Kalshi,2024-05-01,FEDDECISION-24MAY,2024-03-20T18:05:00Z,2024-05-01T17:55:00Z,5,close_date_exact_matches_FOMC_calendar,True,BACK,historical,FEDDECISION-24MAY-C25|FEDDECISION-24MAY-C26|FEDDECISION-24MAY-H0|FEDDECISION-24MAY-H25|FEDDECISION-24MAY-H26,5,1684,30,1710960960,1714578060
K28-20240612,Kalshi,2024-06-12,FEDDECISION-24JUN,2024-05-01T14:00:00Z,2024-06-12T17:55:00Z,4,close_date_exact_matches_FOMC_calendar,True,FRONT,historical,FEDDECISION-24JUN-C25|FEDDECISION-24JUN-C26|FEDDECISION-24JUN-H0|FEDDECISION-24JUN-H25,4,1958,24,1714572060,1718214060
K28-20240731,Kalshi,2024-07-31,FEDDECISION-24JUL,2024-06-11T14:00:00Z,2024-07-31T17:55:00Z,5,close_date_exact_matches_FOMC_calendar,True,FRONT,historical,FEDDECISION-24JUL-C25|FEDDECISION-24JUL-C26|FEDDECISION-24JUL-H0|FEDDECISION-24JUL-H25|FEDDECISION-24JUL-H26,5,1175,45,1718114460,1722448440
K28-20240918,Kalshi,2024-09-18,FEDDECISION-24SEP,2024-07-30T14:00:00Z,2024-09-18T17:55:00Z,5,close_date_exact_matches_FOMC_calendar,True,FRONT,historical,FEDDECISION-24SEP-C25|FEDDECISION-24SEP-C26|FEDDECISION-24SEP-H0|FEDDECISION-24SEP-H25|FEDDECISION-24SEP-H26,5,12533,45,1722348240,1726682100
K28-20241107,Kalshi,2024-11-07,FEDDECISION-24NOV,2024-09-17T14:00:00Z,2024-11-07T18:55:00Z,5,close_date_exact_matches_FOMC_calendar,True,BACK,historical,FEDDECISION-24NOV-C25|FEDDECISION-24NOV-C26|FEDDECISION-24NOV-H0|FEDDECISION-24NOV-H25|FEDDECISION-24NOV-H26,5,14964,45,1726584180,1731005580
K28-20241218,Kalshi,2024-12-18,KXFEDDECISION-24DEC,2024-10-30T14:00:00Z,2024-12-18T18:55:00Z,5,close_date_exact_matches_FOMC_calendar,False,,historical,KXFEDDECISION-24DEC-C25|KXFEDDECISION-24DEC-C26|KXFEDDECISION-24DEC-H0|KXFEDDECISION-24DEC-H25|KXFEDDECISION-24DEC-H26,5,16926,75,1730297520,1734548100
K28-20250129,Kalshi,2025-01-29,KXFEDDECISION-25JAN,2024-12-18T15:00:00Z,2025-01-29T18:55:00Z,5,close_date_exact_matches_FOMC_calendar,True,FRONT,historical,KXFEDDECISION-25JAN-C25|KXFEDDECISION-25JAN-C26|KXFEDDECISION-25JAN-H0|KXFEDDECISION-25JAN-H25|KXFEDDECISION-25JAN-H26,5,2781,30,1734534060,1738176840
K28-20250319,Kalshi,2025-03-19,KXFEDDECISION-25MAR,2025-01-29T15:00:00Z,2025-03-19T17:55:00Z,5,close_date_exact_matches_FOMC_calendar,True,FRONT,historical,KXFEDDECISION-25MAR-C25|KXFEDDECISION-25MAR-C26|KXFEDDECISION-25MAR-H0|KXFEDDECISION-25MAR-H25|KXFEDDECISION-25MAR-H26,5,3547,40,1738163220,1742406180
K28-20250507,Kalshi,2025-05-07,KXFEDDECISION-25MAY,2025-03-19T14:00:00Z,2025-05-07T17:55:00Z,5,close_date_exact_matches_FOMC_calendar,True,BACK,historical,KXFEDDECISION-25MAY-C25|KXFEDDECISION-25MAY-C26|KXFEDDECISION-25MAY-H0|KXFEDDECISION-25MAY-H25|KXFEDDECISION-25MAY-H26,5,62381,40,1742392860,1746640500
K28-20250618,Kalshi,2025-06-18,KXFEDDECISION-25JUN,2025-05-07T14:00:00Z,2025-06-18T17:55:00Z,5,close_date_exact_matches_FOMC_calendar,False,,historical,KXFEDDECISION-25JUN-C25|KXFEDDECISION-25JUN-C26|KXFEDDECISION-25JUN-H0|KXFEDDECISION-25JUN-H25|KXFEDDECISION-25JUN-H26,5,99963,65,1746626460,1750269300
K28-20250730,Kalshi,2025-07-30,KXFEDDECISION-25JUL,2025-06-18T14:00:00Z,2025-07-30T17:55:00Z,5,close_date_exact_matches_FOMC_calendar,True,FRONT,historical,KXFEDDECISION-25JUL-C25|KXFEDDECISION-25JUL-C26|KXFEDDECISION-25JUL-H0|KXFEDDECISION-25JUL-H25|KXFEDDECISION-25JUL-H26,5,94829,30,1750255260,1753897740
K28-20250917,Kalshi,2025-09-17,KXFEDDECISION-25SEP,2025-07-30T14:00:00Z,2025-09-17T17:55:00Z,5,close_date_exact_matches_FOMC_calendar,True,BACK,historical,KXFEDDECISION-25SEP-C25|KXFEDDECISION-25SEP-C26|KXFEDDECISION-25SEP-H0|KXFEDDECISION-25SEP-H25|KXFEDDECISION-25SEP-H26,5,143300,40,1753884060,1758131700
K28-20251029,Kalshi,2025-10-29,KXFEDDECISION-25OCT,2025-08-05T14:00:00Z,2025-10-29T17:59:00Z,5,close_date_exact_matches_FOMC_calendar,True,FRONT,historical,KXFEDDECISION-25OCT-C25|KXFEDDECISION-25OCT-C26|KXFEDDECISION-25OCT-H0|KXFEDDECISION-25OCT-H25|KXFEDDECISION-25OCT-H26,5,138944,95,1754402460,1761760740
K28-20251210,Kalshi,2025-12-10,KXFEDDECISION-25DEC,2025-08-05T14:00:00Z,2025-12-10T18:59:00Z,5,close_date_exact_matches_FOMC_calendar,True,BACK,historical,KXFEDDECISION-25DEC-C25|KXFEDDECISION-25DEC-C26|KXFEDDECISION-25DEC-H0|KXFEDDECISION-25DEC-H25|KXFEDDECISION-25DEC-H26,5,184984,155,1754402460,1765393140
K28-20260128,Kalshi,2026-01-28,KXFEDDECISION-26JAN,2025-09-29T14:00:00Z,2026-01-28T18:59:00Z,5,close_date_exact_matches_FOMC_calendar,True,FRONT,historical,KXFEDDECISION-26JAN-C25|KXFEDDECISION-26JAN-C26|KXFEDDECISION-26JAN-H0|KXFEDDECISION-26JAN-H25|KXFEDDECISION-26JAN-H26,5,190765,145,1759163040,1769626740
K28-20260318,Kalshi,2026-03-18,KXFEDDECISION-26MAR,2025-09-29T14:00:00Z,2026-03-18T17:59:00Z,5,close_date_exact_matches_FOMC_calendar,True,BACK,historical,KXFEDDECISION-26MAR-C25|KXFEDDECISION-26MAR-C26|KXFEDDECISION-26MAR-H0|KXFEDDECISION-26MAR-H25|KXFEDDECISION-26MAR-H26,5,145404,215,1759163040,1773856740
K28-20260429,Kalshi,2026-04-29,KXFEDDECISION-26APR,2025-09-29T14:00:00Z,2026-04-29T17:59:00Z,5,close_date_exact_matches_FOMC_calendar,True,FRONT,historical,KXFEDDECISION-26APR-C25|KXFEDDECISION-26APR-C26|KXFEDDECISION-26APR-H0|KXFEDDECISION-26APR-H25|KXFEDDECISION-26APR-H26,5,207645,275,1759163040,1777485540
K28-20260617,Kalshi,2026-06-17,KXFEDDECISION-26JUN,2025-09-29T14:00:00Z,2026-06-17T17:59:00Z,5,close_date_exact_matches_FOMC_calendar,True,BACK,historical,KXFEDDECISION-26JUN-C25|KXFEDDECISION-26JUN-C26|KXFEDDECISION-26JUN-H0|KXFEDDECISION-26JUN-H25|KXFEDDECISION-26JUN-H26,5,208257,350,1759163040,1781719140
K28-20260729,Kalshi,2026-07-29,KXFEDDECISION-26JUL,2025-09-29T14:00:00Z,2026-07-29T17:59:00Z,5,close_date_exact_matches_FOMC_calendar,True,FRONT,current,KXFEDDECISION-26JUL-C25|KXFEDDECISION-26JUL-C26|KXFEDDECISION-26JUL-H0|KXFEDDECISION-26JUL-H25|KXFEDDECISION-26JUL-H26,5,130860,375,1759163040,1785347940
K28-20260916,Kalshi,2026-09-16,KXFEDDECISION-26SEP,2025-09-29T14:00:00Z,2026-09-16T17:59:00Z,5,close_date_exact_matches_FOMC_calendar,True,BACK,current,KXFEDDECISION-26SEP-C25|KXFEDDECISION-26SEP-C26|KXFEDDECISION-26SEP-H0|KXFEDDECISION-26SEP-H25|KXFEDDECISION-26SEP-H26,5,183263,445,1759163040,1789581540
