run_id,venue,source_row_1based,initial_cash_usd,method,margin_per_leg_usd,maintenance_per_leg_usd,extra_cents,pair_initial_usd,pair_maintenance_usd,financing_path_valid,closed_positions,pending_positions,skips,margin_shortfall_batches,min_margin_excess_cash_usd,min_maintenance_excess_cash_usd,initial_margin_reserve_gap_batches,min_uncommitted_cash_usd,short_window_reserve_gap_batches,median_profit_usd,median_account_contribution_pct,median_standalone_return_pct,median_marginal_commitment_return_pct,sum_closed_profit_usd,shadow_sum_closed_profit_usd,positive_closed,end_cash_usd,end_margin_usd,end_uncommitted_cash_usd,missing_joint_risk_history_batches,complete_financed_NAV,cash_conservation_error_usd,max_margin_netting_benefit_usd,true_OOS,verified_execution_capacity,book,scenario,cutoff_et,verified_broker_margins,verified_PM_execution_capacity,complete_holding_solvency_certified,pair_rate_status,realized_full_account_return_pct,minimum_closed_trade_profit_usd,maximum_closed_trade_profit_usd,cost_mode,displayed_book_trades,proxy_cost_trades,source_signal_count,source_ready_count,packages_total,median_entry_two_state_floor_roi_pct,static_book_coverage_incomplete,annualization_start_utc,annualization_end_utc,calendar_years,calendar_cagr_pct
all_signals_asof__old_proxy__maintenance950,Polymarket,2,100000.00,portfolio,1100.00,950.00,0,330.00,300.00,True,9,0,2,0,189.53,14979.53,0,-25768.67,101,1370.99,1.370985,3.201660,3.504698,26399.40,26399.40,9,126399.40,0.00,126399.40,0,126399.40,0.00,143990.00,False,False,all_signals_asof,old_proxy__maintenance950,2026-09-01T17:00:00-04:00,False,False,False,HYPOTHETICAL_COMPLETE_PAIR_REQUIREMENT_NOT_SPAN,26.399403,665.99,11280.90,old_proxy,0,9,11,10,414,1.804338,True,2024-02-01T17:05:00+00:00,2026-09-01T21:00:00+00:00,2.5822400943037493,9.496905
all_signals_asof__book_replace_2c__maintenance950,Polymarket,3,100000.00,portfolio,1100.00,950.00,0,330.00,300.00,True,9,0,2,0,629.04,15419.04,0,-25768.67,101,1320.72,1.320717,3.201660,4.750900,26510.76,26510.76,9,126510.76,0.00,126510.76,0,126510.76,0.00,143990.00,False,False,all_signals_asof,book_replace_2c__maintenance950,2026-09-01T17:00:00-04:00,False,False,False,HYPOTHETICAL_COMPLETE_PAIR_REQUIREMENT_NOT_SPAN,26.510756,665.99,10845.39,book_replace_2c,5,4,11,10,414,1.927572,True,2024-02-01T17:05:00+00:00,2026-09-01T21:00:00+00:00,2.5822400943037493,9.534251
all_signals_asof__book_retain_2c__maintenance950,Polymarket,4,100000.00,portfolio,1100.00,950.00,0,330.00,300.00,True,9,0,2,0,10097.10,23057.10,0,-25768.67,104,1321.51,1.321515,3.201660,3.201660,23765.82,23765.82,9,123765.82,0.00,123765.82,0,123765.82,0.00,160600.00,False,False,all_signals_asof,book_retain_2c__maintenance950,2026-09-01T17:00:00-04:00,False,False,False,HYPOTHETICAL_COMPLETE_PAIR_REQUIREMENT_NOT_SPAN,23.765825,39.43,9584.63,book_retain_2c,5,4,11,10,389,1.804338,True,2024-02-01T17:05:00+00:00,2026-09-01T21:00:00+00:00,2.5822400943037493,8.607702
all_signals_asof__old_proxy__maintenance904_reference,Polymarket,5,100000.00,portfolio,1100.00,904.15,0,330.00,300.00,True,9,0,2,0,1755.52,20645.13,0,-27028.35,101,1370.99,1.370985,3.302888,3.594668,26936.00,26936.00,9,126936.00,0.00,126936.00,0,126936.00,-0.00,149600.00,False,False,all_signals_asof,old_proxy__maintenance904_reference,2026-09-01T17:00:00-04:00,False,False,False,HYPOTHETICAL_COMPLETE_PAIR_REQUIREMENT_NOT_SPAN,26.936001,681.13,11482.35,old_proxy,0,9,11,10,423,1.835586,True,2024-02-01T17:05:00+00:00,2026-09-01T21:00:00+00:00,2.5822400943037493,9.676687
all_signals_asof__book_replace_2c__maintenance904_reference,Polymarket,6,100000.00,portfolio,1100.00,904.15,0,330.00,300.00,True,9,0,2,0,1765.28,20684.90,0,-27028.35,101,1251.52,1.251521,3.302888,5.088096,26953.82,26953.82,9,126953.82,0.00,126953.82,0,126953.82,-0.00,149600.00,False,False,all_signals_asof,book_replace_2c__maintenance904_reference,2026-09-01T17:00:00-04:00,False,False,False,HYPOTHETICAL_COMPLETE_PAIR_REQUIREMENT_NOT_SPAN,26.953816,681.13,11032.21,book_replace_2c,5,4,11,10,423,1.996356,True,2024-02-01T17:05:00+00:00,2026-09-01T21:00:00+00:00,2.5822400943037493,9.682647
all_signals_asof__book_retain_2c__maintenance904_reference,Polymarket,7,100000.00,portfolio,1100.00,904.15,0,330.00,300.00,True,9,0,2,0,7161.75,24606.28,0,-27028.35,104,1358.11,1.358105,3.302888,3.302888,24299.24,24299.24,9,124299.24,0.00,124299.24,0,124299.24,-0.00,166210.00,False,False,all_signals_asof,book_retain_2c__maintenance904_reference,2026-09-01T17:00:00-04:00,False,False,False,HYPOTHETICAL_COMPLETE_PAIR_REQUIREMENT_NOT_SPAN,24.299238,39.43,9753.39,book_retain_2c,5,4,11,10,400,1.835586,True,2024-02-01T17:05:00+00:00,2026-09-01T21:00:00+00:00,2.5822400943037493,8.788733
completed_calendar_cohort__old_proxy__maintenance950,Polymarket,8,100000.00,portfolio,1100.00,950.00,0,330.00,300.00,True,9,0,1,0,189.53,14979.53,0,-25768.67,100,1370.99,1.370985,3.201660,3.504698,26399.40,26399.40,9,126399.40,0.00,126399.40,0,126399.40,0.00,143990.00,False,False,completed_calendar_cohort,old_proxy__maintenance950,2026-09-17T23:59:59-04:00,False,False,False,HYPOTHETICAL_COMPLETE_PAIR_REQUIREMENT_NOT_SPAN,26.399403,665.99,11280.90,old_proxy,0,9,10,9,414,1.804338,True,2024-02-01T17:05:00+00:00,2026-09-18T03:59:59+00:00,2.6268442150226887,9.328351
completed_calendar_cohort__book_replace_2c__maintenance950,Polymarket,9,100000.00,portfolio,1100.00,950.00,0,330.00,300.00,True,9,0,1,0,629.04,15419.04,0,-25768.67,100,1320.72,1.320717,3.201660,4.750900,26510.76,26510.76,9,126510.76,0.00,126510.76,0,126510.76,0.00,143990.00,False,False,completed_calendar_cohort,book_replace_2c__maintenance950,2026-09-17T23:59:59-04:00,False,False,False,HYPOTHETICAL_COMPLETE_PAIR_REQUIREMENT_NOT_SPAN,26.510756,665.99,10845.39,book_replace_2c,5,4,10,9,414,1.927572,True,2024-02-01T17:05:00+00:00,2026-09-18T03:59:59+00:00,2.6268442150226887,9.365006
completed_calendar_cohort__book_retain_2c__maintenance950,Polymarket,10,100000.00,portfolio,1100.00,950.00,0,330.00,300.00,True,9,0,1,0,10097.10,23057.10,0,-25768.67,103,1321.51,1.321515,3.201660,3.201660,23765.82,23765.82,9,123765.82,0.00,123765.82,0,123765.82,0.00,160600.00,False,False,completed_calendar_cohort,book_retain_2c__maintenance950,2026-09-17T23:59:59-04:00,False,False,False,HYPOTHETICAL_COMPLETE_PAIR_REQUIREMENT_NOT_SPAN,23.765825,39.43,9584.63,book_retain_2c,5,4,10,9,389,1.804338,True,2024-02-01T17:05:00+00:00,2026-09-18T03:59:59+00:00,2.6268442150226887,8.455531
completed_calendar_cohort__old_proxy__maintenance904_reference,Polymarket,11,100000.00,portfolio,1100.00,904.15,0,330.00,300.00,True,9,0,1,0,1755.52,20645.13,0,-27028.35,100,1370.99,1.370985,3.302888,3.594668,26936.00,26936.00,9,126936.00,0.00,126936.00,0,126936.00,-0.00,149600.00,False,False,completed_calendar_cohort,old_proxy__maintenance904_reference,2026-09-17T23:59:59-04:00,False,False,False,HYPOTHETICAL_COMPLETE_PAIR_REQUIREMENT_NOT_SPAN,26.936001,681.13,11482.35,old_proxy,0,9,10,9,423,1.835586,True,2024-02-01T17:05:00+00:00,2026-09-18T03:59:59+00:00,2.6268442150226887,9.504805
completed_calendar_cohort__book_replace_2c__maintenance904_reference,Polymarket,12,100000.00,portfolio,1100.00,904.15,0,330.00,300.00,True,9,0,1,0,1765.28,20684.90,0,-27028.35,100,1251.52,1.251521,3.302888,5.088096,26953.82,26953.82,9,126953.82,0.00,126953.82,0,126953.82,-0.00,149600.00,False,False,completed_calendar_cohort,book_replace_2c__maintenance904_reference,2026-09-17T23:59:59-04:00,False,False,False,HYPOTHETICAL_COMPLETE_PAIR_REQUIREMENT_NOT_SPAN,26.953816,681.13,11032.21,book_replace_2c,5,4,10,9,423,1.996356,True,2024-02-01T17:05:00+00:00,2026-09-18T03:59:59+00:00,2.6268442150226887,9.510655
completed_calendar_cohort__book_retain_2c__maintenance904_reference,Polymarket,13,100000.00,portfolio,1100.00,904.15,0,330.00,300.00,True,9,0,1,0,7161.75,24606.28,0,-27028.35,103,1358.11,1.358105,3.302888,3.302888,24299.24,24299.24,9,124299.24,0.00,124299.24,0,124299.24,-0.00,166210.00,False,False,completed_calendar_cohort,book_retain_2c__maintenance904_reference,2026-09-17T23:59:59-04:00,False,False,False,HYPOTHETICAL_COMPLETE_PAIR_REQUIREMENT_NOT_SPAN,24.299238,39.43,9753.39,book_retain_2c,5,4,10,9,400,1.835586,True,2024-02-01T17:05:00+00:00,2026-09-18T03:59:59+00:00,2.6268442150226887,8.633237
