trade_id,candidate_id,run_id,venue,source_row_1based,book,scenario,meeting_date,status,execution_ts
all_signals_asof__old_proxy__maintenance950__PM-20250917,PM-20250917,all_signals_asof__old_proxy__maintenance950,Polymarket,2,all_signals_asof,old_proxy__maintenance950,2025-09-17,NO_FILL_DATA_PM,1753899480
all_signals_asof__old_proxy__maintenance950__PM-20260916,PM-20260916,all_signals_asof__old_proxy__maintenance950,Polymarket,3,all_signals_asof,old_proxy__maintenance950,2026-09-16,NO_FILL_CASH_MARGIN_VM,1785348360
all_signals_asof__book_replace_2c__maintenance950__PM-20250917,PM-20250917,all_signals_asof__book_replace_2c__maintenance950,Polymarket,4,all_signals_asof,book_replace_2c__maintenance950,2025-09-17,NO_FILL_DATA_PM,1753899480
all_signals_asof__book_replace_2c__maintenance950__PM-20260916,PM-20260916,all_signals_asof__book_replace_2c__maintenance950,Polymarket,5,all_signals_asof,book_replace_2c__maintenance950,2026-09-16,NO_FILL_CASH_MARGIN_VM,1785348360
all_signals_asof__book_retain_2c__maintenance950__PM-20250917,PM-20250917,all_signals_asof__book_retain_2c__maintenance950,Polymarket,6,all_signals_asof,book_retain_2c__maintenance950,2025-09-17,NO_FILL_DATA_PM,1753899480
all_signals_asof__book_retain_2c__maintenance950__PM-20260916,PM-20260916,all_signals_asof__book_retain_2c__maintenance950,Polymarket,7,all_signals_asof,book_retain_2c__maintenance950,2026-09-16,NO_FILL_CASH_MARGIN_VM,1785348360
all_signals_asof__old_proxy__maintenance904_reference__PM-20250917,PM-20250917,all_signals_asof__old_proxy__maintenance904_reference,Polymarket,8,all_signals_asof,old_proxy__maintenance904_reference,2025-09-17,NO_FILL_DATA_PM,1753899480
all_signals_asof__old_proxy__maintenance904_reference__PM-20260916,PM-20260916,all_signals_asof__old_proxy__maintenance904_reference,Polymarket,9,all_signals_asof,old_proxy__maintenance904_reference,2026-09-16,NO_FILL_CASH_MARGIN_VM,1785348360
all_signals_asof__book_replace_2c__maintenance904_reference__PM-20250917,PM-20250917,all_signals_asof__book_replace_2c__maintenance904_reference,Polymarket,10,all_signals_asof,book_replace_2c__maintenance904_reference,2025-09-17,NO_FILL_DATA_PM,1753899480
all_signals_asof__book_replace_2c__maintenance904_reference__PM-20260916,PM-20260916,all_signals_asof__book_replace_2c__maintenance904_reference,Polymarket,11,all_signals_asof,book_replace_2c__maintenance904_reference,2026-09-16,NO_FILL_CASH_MARGIN_VM,1785348360
all_signals_asof__book_retain_2c__maintenance904_reference__PM-20250917,PM-20250917,all_signals_asof__book_retain_2c__maintenance904_reference,Polymarket,12,all_signals_asof,book_retain_2c__maintenance904_reference,2025-09-17,NO_FILL_DATA_PM,1753899480
all_signals_asof__book_retain_2c__maintenance904_reference__PM-20260916,PM-20260916,all_signals_asof__book_retain_2c__maintenance904_reference,Polymarket,13,all_signals_asof,book_retain_2c__maintenance904_reference,2026-09-16,NO_FILL_CASH_MARGIN_VM,1785348360
completed_calendar_cohort__old_proxy__maintenance950__PM-20250917,PM-20250917,completed_calendar_cohort__old_proxy__maintenance950,Polymarket,14,completed_calendar_cohort,old_proxy__maintenance950,2025-09-17,NO_FILL_DATA_PM,1753899480
completed_calendar_cohort__book_replace_2c__maintenance950__PM-20250917,PM-20250917,completed_calendar_cohort__book_replace_2c__maintenance950,Polymarket,15,completed_calendar_cohort,book_replace_2c__maintenance950,2025-09-17,NO_FILL_DATA_PM,1753899480
completed_calendar_cohort__book_retain_2c__maintenance950__PM-20250917,PM-20250917,completed_calendar_cohort__book_retain_2c__maintenance950,Polymarket,16,completed_calendar_cohort,book_retain_2c__maintenance950,2025-09-17,NO_FILL_DATA_PM,1753899480
completed_calendar_cohort__old_proxy__maintenance904_reference__PM-20250917,PM-20250917,completed_calendar_cohort__old_proxy__maintenance904_reference,Polymarket,17,completed_calendar_cohort,old_proxy__maintenance904_reference,2025-09-17,NO_FILL_DATA_PM,1753899480
completed_calendar_cohort__book_replace_2c__maintenance904_reference__PM-20250917,PM-20250917,completed_calendar_cohort__book_replace_2c__maintenance904_reference,Polymarket,18,completed_calendar_cohort,book_replace_2c__maintenance904_reference,2025-09-17,NO_FILL_DATA_PM,1753899480
completed_calendar_cohort__book_retain_2c__maintenance904_reference__PM-20250917,PM-20250917,completed_calendar_cohort__book_retain_2c__maintenance904_reference,Polymarket,19,completed_calendar_cohort,book_retain_2c__maintenance904_reference,2025-09-17,NO_FILL_DATA_PM,1753899480
