trade_id,candidate_id,run_id,venue,source_row_1based,book,scenario,meeting_date,execution_et,execution_ts,status,near_symbol,far_symbol,actual_outcome,actual_buy_side,standalone_committed_usd,financed_profit_usd,account_contribution_pct,standalone_return_pct,completion_et,cost_source,new_pm_book_available,cme_mbp10_validated,entry_two_state_floor_roi_pct,realized_full_funding_roi_pct,is_realized_profit
all_signals_asof__old_proxy__maintenance950__PM-20240320,PM-20240320,all_signals_asof__old_proxy__maintenance950,Polymarket,2,all_signals_asof,old_proxy__maintenance950,2024-03-20,2024-02-01T12:05:00-05:00,1706807100,CLOSED,ZQG4,ZQH4,HOLD,NO,98729.65,3160.99,3.160987,3.201660,2024-04-01T17:00:00-04:00,old_midpoint_plus2c_proxy,False,True,3.201660,3.201660,True
all_signals_asof__old_proxy__maintenance950__PM-20250507,PM-20250507,all_signals_asof__old_proxy__maintenance950,Polymarket,3,all_signals_asof,old_proxy__maintenance950,2025-05-07,2025-04-01T11:35:00-04:00,1743521700,CLOSED,ZQJ5,ZQK5,CUT25,YES,102458.79,1974.97,1.974966,1.927572,2025-06-02T17:00:00-04:00,old_midpoint_plus2c_proxy,False,True,1.927572,1.927572,True
all_signals_asof__old_proxy__maintenance950__PM-20250730,PM-20250730,all_signals_asof__old_proxy__maintenance950,Polymarket,4,all_signals_asof,old_proxy__maintenance950,2025-07-30,2025-06-23T10:07:00-04:00,1750687620,CLOSED,ZQN5,ZQQ5,CUT25,YES,104389.07,665.99,0.665995,0.637993,2025-09-02T17:00:00-04:00,old_midpoint_plus2c_proxy,False,True,0.631874,0.637993,True
all_signals_asof__old_proxy__maintenance950__PM-20251029,PM-20251029,all_signals_asof__old_proxy__maintenance950,Polymarket,5,all_signals_asof,old_proxy__maintenance950,2025-10-29,2025-09-18T12:38:00-04:00,1758213480,CLOSED,ZQV5,ZQX5,CUT25,YES,105035.40,5467.44,5.467438,5.205329,2025-12-01T17:00:00-05:00,old_midpoint_plus2c_proxy,False,True,1.804338,5.205329,True
all_signals_asof__old_proxy__maintenance950__PM-20251210,PM-20251210,all_signals_asof__old_proxy__maintenance950,Polymarket,6,all_signals_asof,old_proxy__maintenance950,2025-12-10,2025-10-29T14:06:00-04:00,1761761160,CLOSED,ZQX5,ZQZ5,CUT25,YES,34792.45,1370.99,1.370985,3.940467,2026-01-02T17:00:00-05:00,old_midpoint_plus2c_proxy,True,True,1.175960,3.940467,True
all_signals_asof__old_proxy__maintenance950__PM-20260128,PM-20260128,all_signals_asof__old_proxy__maintenance950,Polymarket,7,all_signals_asof,old_proxy__maintenance950,2026-01-28,2025-12-11T13:52:00-05:00,1765479120,CLOSED,ZQF6,ZQG6,CUT25,YES,100365.00,796.79,0.796792,0.793894,2026-03-02T17:00:00-05:00,old_midpoint_plus2c_proxy,True,True,0.793894,0.793894,True
all_signals_asof__old_proxy__maintenance950__PM-20260318,PM-20260318,all_signals_asof__old_proxy__maintenance950,Polymarket,8,all_signals_asof,old_proxy__maintenance950,2026-03-18,2026-01-30T10:26:00-05:00,1769786760,CLOSED,ZQG6,ZQH6,CUT25,YES,62687.90,913.54,0.913539,1.457281,2026-04-01T17:00:00-04:00,old_midpoint_plus2c_proxy,True,True,1.457281,1.457281,True
all_signals_asof__old_proxy__maintenance950__PM-20260429,PM-20260429,all_signals_asof__old_proxy__maintenance950,Polymarket,9,all_signals_asof,old_proxy__maintenance950,2026-04-29,2026-03-19T10:20:00-04:00,1773930000,CLOSED,ZQJ6,ZQK6,HOLD,YES,16052.29,767.80,0.767796,4.783097,2026-06-01T17:00:00-04:00,old_midpoint_plus2c_proxy,True,True,2.602548,4.783097,True
all_signals_asof__old_proxy__maintenance950__PM-20260729,PM-20260729,all_signals_asof__old_proxy__maintenance950,Polymarket,10,all_signals_asof,old_proxy__maintenance950,2026-07-29,2026-06-17T14:03:00-04:00,1781719380,CLOSED,ZQN6,ZQQ6,HOLD,YES,114720.55,11280.90,11.280904,9.833377,2026-09-01T17:00:00-04:00,old_midpoint_plus2c_proxy,True,True,10.217756,9.833377,True
all_signals_asof__book_replace_2c__maintenance950__PM-20240320,PM-20240320,all_signals_asof__book_replace_2c__maintenance950,Polymarket,11,all_signals_asof,book_replace_2c__maintenance950,2024-03-20,2024-02-01T12:05:00-05:00,1706807100,CLOSED,ZQG4,ZQH4,HOLD,NO,98729.65,3160.99,3.160987,3.201660,2024-04-01T17:00:00-04:00,old_midpoint_plus2c_proxy,False,True,3.201660,3.201660,True
all_signals_asof__book_replace_2c__maintenance950__PM-20250507,PM-20250507,all_signals_asof__book_replace_2c__maintenance950,Polymarket,12,all_signals_asof,book_replace_2c__maintenance950,2025-05-07,2025-04-01T11:35:00-04:00,1743521700,CLOSED,ZQJ5,ZQK5,CUT25,YES,102458.79,1974.97,1.974966,1.927572,2025-06-02T17:00:00-04:00,old_midpoint_plus2c_proxy,False,True,1.927572,1.927572,True
all_signals_asof__book_replace_2c__maintenance950__PM-20250730,PM-20250730,all_signals_asof__book_replace_2c__maintenance950,Polymarket,13,all_signals_asof,book_replace_2c__maintenance950,2025-07-30,2025-06-23T10:07:00-04:00,1750687620,CLOSED,ZQN5,ZQQ5,CUT25,YES,104389.07,665.99,0.665995,0.637993,2025-09-02T17:00:00-04:00,old_midpoint_plus2c_proxy,False,True,0.631874,0.637993,True
all_signals_asof__book_replace_2c__maintenance950__PM-20251029,PM-20251029,all_signals_asof__book_replace_2c__maintenance950,Polymarket,14,all_signals_asof,book_replace_2c__maintenance950,2025-10-29,2025-09-18T12:38:00-04:00,1758213480,CLOSED,ZQV5,ZQX5,CUT25,YES,105035.40,5467.44,5.467438,5.205329,2025-12-01T17:00:00-05:00,old_midpoint_plus2c_proxy,False,True,1.804338,5.205329,True
all_signals_asof__book_replace_2c__maintenance950__PM-20251210,PM-20251210,all_signals_asof__book_replace_2c__maintenance950,Polymarket,15,all_signals_asof,book_replace_2c__maintenance950,2025-12-10,2025-10-29T14:06:00-04:00,1761761160,CLOSED,ZQX5,ZQZ5,CUT25,YES,34842.72,1320.72,1.320717,3.790509,2026-01-02T17:00:00-05:00,telonex_static_full_ask_book,True,True,1.029990,3.790509,True
all_signals_asof__book_replace_2c__maintenance950__PM-20260128,PM-20260128,all_signals_asof__book_replace_2c__maintenance950,Polymarket,16,all_signals_asof,book_replace_2c__maintenance950,2026-01-28,2025-12-11T13:52:00-05:00,1765479120,CLOSED,ZQF6,ZQG6,CUT25,YES,100185.32,976.47,0.976473,0.974667,2026-03-02T17:00:00-05:00,telonex_static_full_ask_book,True,True,0.974667,0.974667,True
all_signals_asof__book_replace_2c__maintenance950__PM-20260318,PM-20260318,all_signals_asof__book_replace_2c__maintenance950,Polymarket,17,all_signals_asof,book_replace_2c__maintenance950,2026-03-18,2026-01-30T10:26:00-05:00,1769786760,CLOSED,ZQG6,ZQH6,CUT25,YES,62377.80,1223.64,1.223643,1.961665,2026-04-01T17:00:00-04:00,telonex_static_full_ask_book,True,True,1.961665,1.961665,True
all_signals_asof__book_replace_2c__maintenance950__PM-20260429,PM-20260429,all_signals_asof__book_replace_2c__maintenance950,Polymarket,18,all_signals_asof,book_replace_2c__maintenance950,2026-04-29,2026-03-19T10:20:00-04:00,1773930000,CLOSED,ZQJ6,ZQK6,HOLD,YES,15944.94,875.14,0.875144,5.488537,2026-06-01T17:00:00-04:00,telonex_static_full_ask_book,True,True,3.293308,5.488537,True
all_signals_asof__book_replace_2c__maintenance950__PM-20260729,PM-20260729,all_signals_asof__book_replace_2c__maintenance950,Polymarket,19,all_signals_asof,book_replace_2c__maintenance950,2026-07-29,2026-06-17T14:03:00-04:00,1781719380,CLOSED,ZQN6,ZQQ6,HOLD,YES,115156.06,10845.39,10.845393,9.417995,2026-09-01T17:00:00-04:00,telonex_static_full_ask_book,True,True,9.800921,9.417995,True
all_signals_asof__book_retain_2c__maintenance950__PM-20240320,PM-20240320,all_signals_asof__book_retain_2c__maintenance950,Polymarket,20,all_signals_asof,book_retain_2c__maintenance950,2024-03-20,2024-02-01T12:05:00-05:00,1706807100,CLOSED,ZQG4,ZQH4,HOLD,NO,98729.65,3160.99,3.160987,3.201660,2024-04-01T17:00:00-04:00,old_midpoint_plus2c_proxy,False,True,3.201660,3.201660,True
all_signals_asof__book_retain_2c__maintenance950__PM-20250507,PM-20250507,all_signals_asof__book_retain_2c__maintenance950,Polymarket,21,all_signals_asof,book_retain_2c__maintenance950,2025-05-07,2025-04-01T11:35:00-04:00,1743521700,CLOSED,ZQJ5,ZQK5,CUT25,YES,102458.79,1974.97,1.974966,1.927572,2025-06-02T17:00:00-04:00,old_midpoint_plus2c_proxy,False,True,1.927572,1.927572,True
all_signals_asof__book_retain_2c__maintenance950__PM-20250730,PM-20250730,all_signals_asof__book_retain_2c__maintenance950,Polymarket,22,all_signals_asof,book_retain_2c__maintenance950,2025-07-30,2025-06-23T10:07:00-04:00,1750687620,CLOSED,ZQN5,ZQQ5,CUT25,YES,104389.07,665.99,0.665995,0.637993,2025-09-02T17:00:00-04:00,old_midpoint_plus2c_proxy,False,True,0.631874,0.637993,True
all_signals_asof__book_retain_2c__maintenance950__PM-20251029,PM-20251029,all_signals_asof__book_retain_2c__maintenance950,Polymarket,23,all_signals_asof,book_retain_2c__maintenance950,2025-10-29,2025-09-18T12:38:00-04:00,1758213480,CLOSED,ZQV5,ZQX5,CUT25,YES,105035.40,5467.44,5.467438,5.205329,2025-12-01T17:00:00-05:00,old_midpoint_plus2c_proxy,False,True,1.804338,5.205329,True
all_signals_asof__book_retain_2c__maintenance950__PM-20251210,PM-20251210,all_signals_asof__book_retain_2c__maintenance950,Polymarket,24,all_signals_asof,book_retain_2c__maintenance950,2025-12-10,2025-10-29T14:06:00-04:00,1761761160,CLOSED,ZQX5,ZQZ5,CUT25,YES,24045.66,816.70,0.816700,3.396454,2026-01-02T17:00:00-05:00,telonex_static_full_ask_book,True,True,0.646416,3.396454,True
all_signals_asof__book_retain_2c__maintenance950__PM-20260128,PM-20260128,all_signals_asof__book_retain_2c__maintenance950,Polymarket,25,all_signals_asof,book_retain_2c__maintenance950,2026-01-28,2025-12-11T13:52:00-05:00,1765479120,CLOSED,ZQF6,ZQG6,CUT25,YES,8252.52,39.43,0.039428,0.477772,2026-03-02T17:00:00-05:00,telonex_static_full_ask_book,True,True,0.477772,0.477772,True
all_signals_asof__book_retain_2c__maintenance950__PM-20260318,PM-20260318,all_signals_asof__book_retain_2c__maintenance950,Polymarket,26,all_signals_asof,book_retain_2c__maintenance950,2026-03-18,2026-01-30T10:26:00-05:00,1769786760,CLOSED,ZQG6,ZQH6,CUT25,YES,111306.04,1321.51,1.321515,1.187280,2026-04-01T17:00:00-04:00,telonex_static_full_ask_book,True,True,1.187280,1.187280,True
all_signals_asof__book_retain_2c__maintenance950__PM-20260429,PM-20260429,all_signals_asof__book_retain_2c__maintenance950,Polymarket,27,all_signals_asof,book_retain_2c__maintenance950,2026-04-29,2026-03-19T10:20:00-04:00,1773930000,CLOSED,ZQJ6,ZQK6,HOLD,YES,16085.92,734.16,0.734164,4.564016,2026-06-01T17:00:00-04:00,telonex_static_full_ask_book,True,True,2.388026,4.564016,True
all_signals_asof__book_retain_2c__maintenance950__PM-20260729,PM-20260729,all_signals_asof__book_retain_2c__maintenance950,Polymarket,28,all_signals_asof,book_retain_2c__maintenance950,2026-07-29,2026-06-17T14:03:00-04:00,1781719380,CLOSED,ZQN6,ZQQ6,HOLD,YES,114166.80,9584.63,9.584631,8.395288,2026-09-01T17:00:00-04:00,telonex_static_full_ask_book,True,True,8.774634,8.395288,True
all_signals_asof__old_proxy__maintenance904_reference__PM-20240320,PM-20240320,all_signals_asof__old_proxy__maintenance904_reference,Polymarket,29,all_signals_asof,old_proxy__maintenance904_reference,2024-03-20,2024-02-01T12:05:00-05:00,1706807100,CLOSED,ZQG4,ZQH4,HOLD,NO,98603.86,3256.77,3.256775,3.302888,2024-04-01T17:00:00-04:00,old_midpoint_plus2c_proxy,False,True,3.302888,3.302888,True
all_signals_asof__old_proxy__maintenance904_reference__PM-20250507,PM-20250507,all_signals_asof__old_proxy__maintenance904_reference,Polymarket,30,all_signals_asof,old_proxy__maintenance904_reference,2025-05-07,2025-04-01T11:35:00-04:00,1743521700,CLOSED,ZQJ5,ZQK5,CUT25,YES,102782.93,2051.91,2.051913,1.996356,2025-06-02T17:00:00-04:00,old_midpoint_plus2c_proxy,False,True,1.996356,1.996356,True
all_signals_asof__old_proxy__maintenance904_reference__PM-20250730,PM-20250730,all_signals_asof__old_proxy__maintenance904_reference,Polymarket,31,all_signals_asof,old_proxy__maintenance904_reference,2025-07-30,2025-06-23T10:07:00-04:00,1750687620,CLOSED,ZQN5,ZQQ5,CUT25,YES,104698.43,681.13,0.681131,0.650564,2025-09-02T17:00:00-04:00,old_midpoint_plus2c_proxy,False,True,0.644325,0.650564,True
all_signals_asof__old_proxy__maintenance904_reference__PM-20251029,PM-20251029,all_signals_asof__old_proxy__maintenance904_reference,Polymarket,32,all_signals_asof,old_proxy__maintenance904_reference,2025-10-29,2025-09-18T12:38:00-04:00,1758213480,CLOSED,ZQV5,ZQX5,CUT25,YES,105894.73,5607.63,5.607629,5.295475,2025-12-01T17:00:00-05:00,old_midpoint_plus2c_proxy,False,True,1.835586,5.295475,True
all_signals_asof__old_proxy__maintenance904_reference__PM-20251210,PM-20251210,all_signals_asof__old_proxy__maintenance904_reference,Polymarket,33,all_signals_asof,old_proxy__maintenance904_reference,2025-12-10,2025-10-29T14:06:00-04:00,1761761160,CLOSED,ZQX5,ZQZ5,CUT25,YES,34058.90,1370.99,1.370985,4.025336,2026-01-02T17:00:00-05:00,old_midpoint_plus2c_proxy,True,True,1.201287,4.025336,True
all_signals_asof__old_proxy__maintenance904_reference__PM-20260128,PM-20260128,all_signals_asof__old_proxy__maintenance904_reference,Polymarket,34,all_signals_asof,old_proxy__maintenance904_reference,2026-01-28,2025-12-11T13:52:00-05:00,1765479120,CLOSED,ZQF6,ZQG6,CUT25,YES,100767.29,822.92,0.822916,0.816650,2026-03-02T17:00:00-05:00,old_midpoint_plus2c_proxy,True,True,0.816650,0.816650,True
all_signals_asof__old_proxy__maintenance904_reference__PM-20260318,PM-20260318,all_signals_asof__old_proxy__maintenance904_reference,Polymarket,35,all_signals_asof,old_proxy__maintenance904_reference,2026-03-18,2026-01-30T10:26:00-05:00,1769786760,CLOSED,ZQG6,ZQH6,CUT25,YES,59227.09,894.51,0.894507,1.510301,2026-04-01T17:00:00-04:00,old_midpoint_plus2c_proxy,True,True,1.510301,1.510301,True
all_signals_asof__old_proxy__maintenance904_reference__PM-20260429,PM-20260429,all_signals_asof__old_proxy__maintenance904_reference,Polymarket,36,all_signals_asof,old_proxy__maintenance904_reference,2026-04-29,2026-03-19T10:20:00-04:00,1773930000,CLOSED,ZQJ6,ZQK6,HOLD,YES,15731.36,767.80,0.767796,4.880675,2026-06-01T17:00:00-04:00,old_midpoint_plus2c_proxy,True,True,2.655642,4.880675,True
all_signals_asof__old_proxy__maintenance904_reference__PM-20260729,PM-20260729,all_signals_asof__old_proxy__maintenance904_reference,Polymarket,37,all_signals_asof,old_proxy__maintenance904_reference,2026-07-29,2026-06-17T14:03:00-04:00,1781719380,CLOSED,ZQN6,ZQQ6,HOLD,YES,114155.85,11482.35,11.482349,10.058485,2026-09-01T17:00:00-04:00,old_midpoint_plus2c_proxy,True,True,10.451663,10.058485,True
all_signals_asof__book_replace_2c__maintenance904_reference__PM-20240320,PM-20240320,all_signals_asof__book_replace_2c__maintenance904_reference,Polymarket,38,all_signals_asof,book_replace_2c__maintenance904_reference,2024-03-20,2024-02-01T12:05:00-05:00,1706807100,CLOSED,ZQG4,ZQH4,HOLD,NO,98603.86,3256.77,3.256775,3.302888,2024-04-01T17:00:00-04:00,old_midpoint_plus2c_proxy,False,True,3.302888,3.302888,True
all_signals_asof__book_replace_2c__maintenance904_reference__PM-20250507,PM-20250507,all_signals_asof__book_replace_2c__maintenance904_reference,Polymarket,39,all_signals_asof,book_replace_2c__maintenance904_reference,2025-05-07,2025-04-01T11:35:00-04:00,1743521700,CLOSED,ZQJ5,ZQK5,CUT25,YES,102782.93,2051.91,2.051913,1.996356,2025-06-02T17:00:00-04:00,old_midpoint_plus2c_proxy,False,True,1.996356,1.996356,True
all_signals_asof__book_replace_2c__maintenance904_reference__PM-20250730,PM-20250730,all_signals_asof__book_replace_2c__maintenance904_reference,Polymarket,40,all_signals_asof,book_replace_2c__maintenance904_reference,2025-07-30,2025-06-23T10:07:00-04:00,1750687620,CLOSED,ZQN5,ZQQ5,CUT25,YES,104698.43,681.13,0.681131,0.650564,2025-09-02T17:00:00-04:00,old_midpoint_plus2c_proxy,False,True,0.644325,0.650564,True
all_signals_asof__book_replace_2c__maintenance904_reference__PM-20251029,PM-20251029,all_signals_asof__book_replace_2c__maintenance904_reference,Polymarket,41,all_signals_asof,book_replace_2c__maintenance904_reference,2025-10-29,2025-09-18T12:38:00-04:00,1758213480,CLOSED,ZQV5,ZQX5,CUT25,YES,105894.73,5607.63,5.607629,5.295475,2025-12-01T17:00:00-05:00,old_midpoint_plus2c_proxy,False,True,1.835586,5.295475,True
all_signals_asof__book_replace_2c__maintenance904_reference__PM-20251210,PM-20251210,all_signals_asof__book_replace_2c__maintenance904_reference,Polymarket,42,all_signals_asof,book_replace_2c__maintenance904_reference,2025-12-10,2025-10-29T14:06:00-04:00,1761761160,CLOSED,ZQX5,ZQZ5,CUT25,YES,31964.00,1251.52,1.251521,3.915407,2026-01-02T17:00:00-05:00,telonex_static_full_ask_book,True,True,1.094342,3.915407,True
all_signals_asof__book_replace_2c__maintenance904_reference__PM-20260128,PM-20260128,all_signals_asof__book_replace_2c__maintenance904_reference,Polymarket,43,all_signals_asof,book_replace_2c__maintenance904_reference,2026-01-28,2025-12-11T13:52:00-05:00,1765479120,CLOSED,ZQF6,ZQG6,CUT25,YES,102203.41,999.34,0.999339,0.977795,2026-03-02T17:00:00-05:00,telonex_static_full_ask_book,True,True,0.977795,0.977795,True
all_signals_asof__book_replace_2c__maintenance904_reference__PM-20260318,PM-20260318,all_signals_asof__book_replace_2c__maintenance904_reference,Polymarket,44,all_signals_asof,book_replace_2c__maintenance904_reference,2026-03-18,2026-01-30T10:26:00-05:00,1769786760,CLOSED,ZQG6,ZQH6,CUT25,YES,58923.45,1198.15,1.198151,2.033402,2026-04-01T17:00:00-04:00,telonex_static_full_ask_book,True,True,2.033402,2.033402,True
all_signals_asof__book_replace_2c__maintenance904_reference__PM-20260429,PM-20260429,all_signals_asof__book_replace_2c__maintenance904_reference,Polymarket,45,all_signals_asof,book_replace_2c__maintenance904_reference,2026-04-29,2026-03-19T10:20:00-04:00,1773930000,CLOSED,ZQJ6,ZQK6,HOLD,YES,15624.01,875.14,0.875144,5.601276,2026-06-01T17:00:00-04:00,telonex_static_full_ask_book,True,True,3.360955,5.601276,True
all_signals_asof__book_replace_2c__maintenance904_reference__PM-20260729,PM-20260729,all_signals_asof__book_replace_2c__maintenance904_reference,Polymarket,46,all_signals_asof,book_replace_2c__maintenance904_reference,2026-07-29,2026-06-17T14:03:00-04:00,1781719380,CLOSED,ZQN6,ZQQ6,HOLD,YES,114605.99,11032.21,11.032213,9.626210,2026-09-01T17:00:00-04:00,telonex_static_full_ask_book,True,True,10.017844,9.626210,True
all_signals_asof__book_retain_2c__maintenance904_reference__PM-20240320,PM-20240320,all_signals_asof__book_retain_2c__maintenance904_reference,Polymarket,47,all_signals_asof,book_retain_2c__maintenance904_reference,2024-03-20,2024-02-01T12:05:00-05:00,1706807100,CLOSED,ZQG4,ZQH4,HOLD,NO,98603.86,3256.77,3.256775,3.302888,2024-04-01T17:00:00-04:00,old_midpoint_plus2c_proxy,False,True,3.302888,3.302888,True
all_signals_asof__book_retain_2c__maintenance904_reference__PM-20250507,PM-20250507,all_signals_asof__book_retain_2c__maintenance904_reference,Polymarket,48,all_signals_asof,book_retain_2c__maintenance904_reference,2025-05-07,2025-04-01T11:35:00-04:00,1743521700,CLOSED,ZQJ5,ZQK5,CUT25,YES,102782.93,2051.91,2.051913,1.996356,2025-06-02T17:00:00-04:00,old_midpoint_plus2c_proxy,False,True,1.996356,1.996356,True
all_signals_asof__book_retain_2c__maintenance904_reference__PM-20250730,PM-20250730,all_signals_asof__book_retain_2c__maintenance904_reference,Polymarket,49,all_signals_asof,book_retain_2c__maintenance904_reference,2025-07-30,2025-06-23T10:07:00-04:00,1750687620,CLOSED,ZQN5,ZQQ5,CUT25,YES,104698.43,681.13,0.681131,0.650564,2025-09-02T17:00:00-04:00,old_midpoint_plus2c_proxy,False,True,0.644325,0.650564,True
all_signals_asof__book_retain_2c__maintenance904_reference__PM-20251029,PM-20251029,all_signals_asof__book_retain_2c__maintenance904_reference,Polymarket,50,all_signals_asof,book_retain_2c__maintenance904_reference,2025-10-29,2025-09-18T12:38:00-04:00,1758213480,CLOSED,ZQV5,ZQX5,CUT25,YES,105894.73,5607.63,5.607629,5.295475,2025-12-01T17:00:00-05:00,old_midpoint_plus2c_proxy,False,True,1.835586,5.295475,True
all_signals_asof__book_retain_2c__maintenance904_reference__PM-20251210,PM-20251210,all_signals_asof__book_retain_2c__maintenance904_reference,Polymarket,51,all_signals_asof,book_retain_2c__maintenance904_reference,2025-12-10,2025-10-29T14:06:00-04:00,1761761160,CLOSED,ZQX5,ZQZ5,CUT25,YES,23541.35,816.70,0.816700,3.469215,2026-01-02T17:00:00-05:00,telonex_static_full_ask_book,True,True,0.660264,3.469215,True
all_signals_asof__book_retain_2c__maintenance904_reference__PM-20260128,PM-20260128,all_signals_asof__book_retain_2c__maintenance904_reference,Polymarket,52,all_signals_asof,book_retain_2c__maintenance904_reference,2026-01-28,2025-12-11T13:52:00-05:00,1765479120,CLOSED,ZQF6,ZQG6,CUT25,YES,8023.29,39.43,0.039428,0.491423,2026-03-02T17:00:00-05:00,telonex_static_full_ask_book,True,True,0.491423,0.491423,True
all_signals_asof__book_retain_2c__maintenance904_reference__PM-20260318,PM-20260318,all_signals_asof__book_retain_2c__maintenance904_reference,Polymarket,53,all_signals_asof,book_retain_2c__maintenance904_reference,2026-03-18,2026-01-30T10:26:00-05:00,1769786760,CLOSED,ZQG6,ZQH6,CUT25,YES,111210.00,1358.11,1.358105,1.221208,2026-04-01T17:00:00-04:00,telonex_static_full_ask_book,True,True,1.221208,1.221208,True
all_signals_asof__book_retain_2c__maintenance904_reference__PM-20260429,PM-20260429,all_signals_asof__book_retain_2c__maintenance904_reference,Polymarket,54,all_signals_asof,book_retain_2c__maintenance904_reference,2026-04-29,2026-03-19T10:20:00-04:00,1773930000,CLOSED,ZQJ6,ZQK6,HOLD,YES,15764.99,734.16,0.734164,4.656926,2026-06-01T17:00:00-04:00,telonex_static_full_ask_book,True,True,2.436639,4.656926,True
all_signals_asof__book_retain_2c__maintenance904_reference__PM-20260729,PM-20260729,all_signals_asof__book_retain_2c__maintenance904_reference,Polymarket,55,all_signals_asof,book_retain_2c__maintenance904_reference,2026-07-29,2026-06-17T14:03:00-04:00,1781719380,CLOSED,ZQN6,ZQQ6,HOLD,YES,113680.63,9753.39,9.753393,8.579643,2026-09-01T17:00:00-04:00,telonex_static_full_ask_book,True,True,8.967539,8.579643,True
completed_calendar_cohort__old_proxy__maintenance950__PM-20240320,PM-20240320,completed_calendar_cohort__old_proxy__maintenance950,Polymarket,56,completed_calendar_cohort,old_proxy__maintenance950,2024-03-20,2024-02-01T12:05:00-05:00,1706807100,CLOSED,ZQG4,ZQH4,HOLD,NO,98729.65,3160.99,3.160987,3.201660,2024-04-01T17:00:00-04:00,old_midpoint_plus2c_proxy,False,True,3.201660,3.201660,True
completed_calendar_cohort__old_proxy__maintenance950__PM-20250507,PM-20250507,completed_calendar_cohort__old_proxy__maintenance950,Polymarket,57,completed_calendar_cohort,old_proxy__maintenance950,2025-05-07,2025-04-01T11:35:00-04:00,1743521700,CLOSED,ZQJ5,ZQK5,CUT25,YES,102458.79,1974.97,1.974966,1.927572,2025-06-02T17:00:00-04:00,old_midpoint_plus2c_proxy,False,True,1.927572,1.927572,True
completed_calendar_cohort__old_proxy__maintenance950__PM-20250730,PM-20250730,completed_calendar_cohort__old_proxy__maintenance950,Polymarket,58,completed_calendar_cohort,old_proxy__maintenance950,2025-07-30,2025-06-23T10:07:00-04:00,1750687620,CLOSED,ZQN5,ZQQ5,CUT25,YES,104389.07,665.99,0.665995,0.637993,2025-09-02T17:00:00-04:00,old_midpoint_plus2c_proxy,False,True,0.631874,0.637993,True
completed_calendar_cohort__old_proxy__maintenance950__PM-20251029,PM-20251029,completed_calendar_cohort__old_proxy__maintenance950,Polymarket,59,completed_calendar_cohort,old_proxy__maintenance950,2025-10-29,2025-09-18T12:38:00-04:00,1758213480,CLOSED,ZQV5,ZQX5,CUT25,YES,105035.40,5467.44,5.467438,5.205329,2025-12-01T17:00:00-05:00,old_midpoint_plus2c_proxy,False,True,1.804338,5.205329,True
completed_calendar_cohort__old_proxy__maintenance950__PM-20251210,PM-20251210,completed_calendar_cohort__old_proxy__maintenance950,Polymarket,60,completed_calendar_cohort,old_proxy__maintenance950,2025-12-10,2025-10-29T14:06:00-04:00,1761761160,CLOSED,ZQX5,ZQZ5,CUT25,YES,34792.45,1370.99,1.370985,3.940467,2026-01-02T17:00:00-05:00,old_midpoint_plus2c_proxy,True,True,1.175960,3.940467,True
completed_calendar_cohort__old_proxy__maintenance950__PM-20260128,PM-20260128,completed_calendar_cohort__old_proxy__maintenance950,Polymarket,61,completed_calendar_cohort,old_proxy__maintenance950,2026-01-28,2025-12-11T13:52:00-05:00,1765479120,CLOSED,ZQF6,ZQG6,CUT25,YES,100365.00,796.79,0.796792,0.793894,2026-03-02T17:00:00-05:00,old_midpoint_plus2c_proxy,True,True,0.793894,0.793894,True
completed_calendar_cohort__old_proxy__maintenance950__PM-20260318,PM-20260318,completed_calendar_cohort__old_proxy__maintenance950,Polymarket,62,completed_calendar_cohort,old_proxy__maintenance950,2026-03-18,2026-01-30T10:26:00-05:00,1769786760,CLOSED,ZQG6,ZQH6,CUT25,YES,62687.90,913.54,0.913539,1.457281,2026-04-01T17:00:00-04:00,old_midpoint_plus2c_proxy,True,True,1.457281,1.457281,True
completed_calendar_cohort__old_proxy__maintenance950__PM-20260429,PM-20260429,completed_calendar_cohort__old_proxy__maintenance950,Polymarket,63,completed_calendar_cohort,old_proxy__maintenance950,2026-04-29,2026-03-19T10:20:00-04:00,1773930000,CLOSED,ZQJ6,ZQK6,HOLD,YES,16052.29,767.80,0.767796,4.783097,2026-06-01T17:00:00-04:00,old_midpoint_plus2c_proxy,True,True,2.602548,4.783097,True
completed_calendar_cohort__old_proxy__maintenance950__PM-20260729,PM-20260729,completed_calendar_cohort__old_proxy__maintenance950,Polymarket,64,completed_calendar_cohort,old_proxy__maintenance950,2026-07-29,2026-06-17T14:03:00-04:00,1781719380,CLOSED,ZQN6,ZQQ6,HOLD,YES,114720.55,11280.90,11.280904,9.833377,2026-09-01T17:00:00-04:00,old_midpoint_plus2c_proxy,True,True,10.217756,9.833377,True
completed_calendar_cohort__book_replace_2c__maintenance950__PM-20240320,PM-20240320,completed_calendar_cohort__book_replace_2c__maintenance950,Polymarket,65,completed_calendar_cohort,book_replace_2c__maintenance950,2024-03-20,2024-02-01T12:05:00-05:00,1706807100,CLOSED,ZQG4,ZQH4,HOLD,NO,98729.65,3160.99,3.160987,3.201660,2024-04-01T17:00:00-04:00,old_midpoint_plus2c_proxy,False,True,3.201660,3.201660,True
completed_calendar_cohort__book_replace_2c__maintenance950__PM-20250507,PM-20250507,completed_calendar_cohort__book_replace_2c__maintenance950,Polymarket,66,completed_calendar_cohort,book_replace_2c__maintenance950,2025-05-07,2025-04-01T11:35:00-04:00,1743521700,CLOSED,ZQJ5,ZQK5,CUT25,YES,102458.79,1974.97,1.974966,1.927572,2025-06-02T17:00:00-04:00,old_midpoint_plus2c_proxy,False,True,1.927572,1.927572,True
completed_calendar_cohort__book_replace_2c__maintenance950__PM-20250730,PM-20250730,completed_calendar_cohort__book_replace_2c__maintenance950,Polymarket,67,completed_calendar_cohort,book_replace_2c__maintenance950,2025-07-30,2025-06-23T10:07:00-04:00,1750687620,CLOSED,ZQN5,ZQQ5,CUT25,YES,104389.07,665.99,0.665995,0.637993,2025-09-02T17:00:00-04:00,old_midpoint_plus2c_proxy,False,True,0.631874,0.637993,True
completed_calendar_cohort__book_replace_2c__maintenance950__PM-20251029,PM-20251029,completed_calendar_cohort__book_replace_2c__maintenance950,Polymarket,68,completed_calendar_cohort,book_replace_2c__maintenance950,2025-10-29,2025-09-18T12:38:00-04:00,1758213480,CLOSED,ZQV5,ZQX5,CUT25,YES,105035.40,5467.44,5.467438,5.205329,2025-12-01T17:00:00-05:00,old_midpoint_plus2c_proxy,False,True,1.804338,5.205329,True
completed_calendar_cohort__book_replace_2c__maintenance950__PM-20251210,PM-20251210,completed_calendar_cohort__book_replace_2c__maintenance950,Polymarket,69,completed_calendar_cohort,book_replace_2c__maintenance950,2025-12-10,2025-10-29T14:06:00-04:00,1761761160,CLOSED,ZQX5,ZQZ5,CUT25,YES,34842.72,1320.72,1.320717,3.790509,2026-01-02T17:00:00-05:00,telonex_static_full_ask_book,True,True,1.029990,3.790509,True
completed_calendar_cohort__book_replace_2c__maintenance950__PM-20260128,PM-20260128,completed_calendar_cohort__book_replace_2c__maintenance950,Polymarket,70,completed_calendar_cohort,book_replace_2c__maintenance950,2026-01-28,2025-12-11T13:52:00-05:00,1765479120,CLOSED,ZQF6,ZQG6,CUT25,YES,100185.32,976.47,0.976473,0.974667,2026-03-02T17:00:00-05:00,telonex_static_full_ask_book,True,True,0.974667,0.974667,True
completed_calendar_cohort__book_replace_2c__maintenance950__PM-20260318,PM-20260318,completed_calendar_cohort__book_replace_2c__maintenance950,Polymarket,71,completed_calendar_cohort,book_replace_2c__maintenance950,2026-03-18,2026-01-30T10:26:00-05:00,1769786760,CLOSED,ZQG6,ZQH6,CUT25,YES,62377.80,1223.64,1.223643,1.961665,2026-04-01T17:00:00-04:00,telonex_static_full_ask_book,True,True,1.961665,1.961665,True
completed_calendar_cohort__book_replace_2c__maintenance950__PM-20260429,PM-20260429,completed_calendar_cohort__book_replace_2c__maintenance950,Polymarket,72,completed_calendar_cohort,book_replace_2c__maintenance950,2026-04-29,2026-03-19T10:20:00-04:00,1773930000,CLOSED,ZQJ6,ZQK6,HOLD,YES,15944.94,875.14,0.875144,5.488537,2026-06-01T17:00:00-04:00,telonex_static_full_ask_book,True,True,3.293308,5.488537,True
completed_calendar_cohort__book_replace_2c__maintenance950__PM-20260729,PM-20260729,completed_calendar_cohort__book_replace_2c__maintenance950,Polymarket,73,completed_calendar_cohort,book_replace_2c__maintenance950,2026-07-29,2026-06-17T14:03:00-04:00,1781719380,CLOSED,ZQN6,ZQQ6,HOLD,YES,115156.06,10845.39,10.845393,9.417995,2026-09-01T17:00:00-04:00,telonex_static_full_ask_book,True,True,9.800921,9.417995,True
completed_calendar_cohort__book_retain_2c__maintenance950__PM-20240320,PM-20240320,completed_calendar_cohort__book_retain_2c__maintenance950,Polymarket,74,completed_calendar_cohort,book_retain_2c__maintenance950,2024-03-20,2024-02-01T12:05:00-05:00,1706807100,CLOSED,ZQG4,ZQH4,HOLD,NO,98729.65,3160.99,3.160987,3.201660,2024-04-01T17:00:00-04:00,old_midpoint_plus2c_proxy,False,True,3.201660,3.201660,True
completed_calendar_cohort__book_retain_2c__maintenance950__PM-20250507,PM-20250507,completed_calendar_cohort__book_retain_2c__maintenance950,Polymarket,75,completed_calendar_cohort,book_retain_2c__maintenance950,2025-05-07,2025-04-01T11:35:00-04:00,1743521700,CLOSED,ZQJ5,ZQK5,CUT25,YES,102458.79,1974.97,1.974966,1.927572,2025-06-02T17:00:00-04:00,old_midpoint_plus2c_proxy,False,True,1.927572,1.927572,True
completed_calendar_cohort__book_retain_2c__maintenance950__PM-20250730,PM-20250730,completed_calendar_cohort__book_retain_2c__maintenance950,Polymarket,76,completed_calendar_cohort,book_retain_2c__maintenance950,2025-07-30,2025-06-23T10:07:00-04:00,1750687620,CLOSED,ZQN5,ZQQ5,CUT25,YES,104389.07,665.99,0.665995,0.637993,2025-09-02T17:00:00-04:00,old_midpoint_plus2c_proxy,False,True,0.631874,0.637993,True
completed_calendar_cohort__book_retain_2c__maintenance950__PM-20251029,PM-20251029,completed_calendar_cohort__book_retain_2c__maintenance950,Polymarket,77,completed_calendar_cohort,book_retain_2c__maintenance950,2025-10-29,2025-09-18T12:38:00-04:00,1758213480,CLOSED,ZQV5,ZQX5,CUT25,YES,105035.40,5467.44,5.467438,5.205329,2025-12-01T17:00:00-05:00,old_midpoint_plus2c_proxy,False,True,1.804338,5.205329,True
completed_calendar_cohort__book_retain_2c__maintenance950__PM-20251210,PM-20251210,completed_calendar_cohort__book_retain_2c__maintenance950,Polymarket,78,completed_calendar_cohort,book_retain_2c__maintenance950,2025-12-10,2025-10-29T14:06:00-04:00,1761761160,CLOSED,ZQX5,ZQZ5,CUT25,YES,24045.66,816.70,0.816700,3.396454,2026-01-02T17:00:00-05:00,telonex_static_full_ask_book,True,True,0.646416,3.396454,True
completed_calendar_cohort__book_retain_2c__maintenance950__PM-20260128,PM-20260128,completed_calendar_cohort__book_retain_2c__maintenance950,Polymarket,79,completed_calendar_cohort,book_retain_2c__maintenance950,2026-01-28,2025-12-11T13:52:00-05:00,1765479120,CLOSED,ZQF6,ZQG6,CUT25,YES,8252.52,39.43,0.039428,0.477772,2026-03-02T17:00:00-05:00,telonex_static_full_ask_book,True,True,0.477772,0.477772,True
completed_calendar_cohort__book_retain_2c__maintenance950__PM-20260318,PM-20260318,completed_calendar_cohort__book_retain_2c__maintenance950,Polymarket,80,completed_calendar_cohort,book_retain_2c__maintenance950,2026-03-18,2026-01-30T10:26:00-05:00,1769786760,CLOSED,ZQG6,ZQH6,CUT25,YES,111306.04,1321.51,1.321515,1.187280,2026-04-01T17:00:00-04:00,telonex_static_full_ask_book,True,True,1.187280,1.187280,True
completed_calendar_cohort__book_retain_2c__maintenance950__PM-20260429,PM-20260429,completed_calendar_cohort__book_retain_2c__maintenance950,Polymarket,81,completed_calendar_cohort,book_retain_2c__maintenance950,2026-04-29,2026-03-19T10:20:00-04:00,1773930000,CLOSED,ZQJ6,ZQK6,HOLD,YES,16085.92,734.16,0.734164,4.564016,2026-06-01T17:00:00-04:00,telonex_static_full_ask_book,True,True,2.388026,4.564016,True
completed_calendar_cohort__book_retain_2c__maintenance950__PM-20260729,PM-20260729,completed_calendar_cohort__book_retain_2c__maintenance950,Polymarket,82,completed_calendar_cohort,book_retain_2c__maintenance950,2026-07-29,2026-06-17T14:03:00-04:00,1781719380,CLOSED,ZQN6,ZQQ6,HOLD,YES,114166.80,9584.63,9.584631,8.395288,2026-09-01T17:00:00-04:00,telonex_static_full_ask_book,True,True,8.774634,8.395288,True
completed_calendar_cohort__old_proxy__maintenance904_reference__PM-20240320,PM-20240320,completed_calendar_cohort__old_proxy__maintenance904_reference,Polymarket,83,completed_calendar_cohort,old_proxy__maintenance904_reference,2024-03-20,2024-02-01T12:05:00-05:00,1706807100,CLOSED,ZQG4,ZQH4,HOLD,NO,98603.86,3256.77,3.256775,3.302888,2024-04-01T17:00:00-04:00,old_midpoint_plus2c_proxy,False,True,3.302888,3.302888,True
completed_calendar_cohort__old_proxy__maintenance904_reference__PM-20250507,PM-20250507,completed_calendar_cohort__old_proxy__maintenance904_reference,Polymarket,84,completed_calendar_cohort,old_proxy__maintenance904_reference,2025-05-07,2025-04-01T11:35:00-04:00,1743521700,CLOSED,ZQJ5,ZQK5,CUT25,YES,102782.93,2051.91,2.051913,1.996356,2025-06-02T17:00:00-04:00,old_midpoint_plus2c_proxy,False,True,1.996356,1.996356,True
completed_calendar_cohort__old_proxy__maintenance904_reference__PM-20250730,PM-20250730,completed_calendar_cohort__old_proxy__maintenance904_reference,Polymarket,85,completed_calendar_cohort,old_proxy__maintenance904_reference,2025-07-30,2025-06-23T10:07:00-04:00,1750687620,CLOSED,ZQN5,ZQQ5,CUT25,YES,104698.43,681.13,0.681131,0.650564,2025-09-02T17:00:00-04:00,old_midpoint_plus2c_proxy,False,True,0.644325,0.650564,True
completed_calendar_cohort__old_proxy__maintenance904_reference__PM-20251029,PM-20251029,completed_calendar_cohort__old_proxy__maintenance904_reference,Polymarket,86,completed_calendar_cohort,old_proxy__maintenance904_reference,2025-10-29,2025-09-18T12:38:00-04:00,1758213480,CLOSED,ZQV5,ZQX5,CUT25,YES,105894.73,5607.63,5.607629,5.295475,2025-12-01T17:00:00-05:00,old_midpoint_plus2c_proxy,False,True,1.835586,5.295475,True
completed_calendar_cohort__old_proxy__maintenance904_reference__PM-20251210,PM-20251210,completed_calendar_cohort__old_proxy__maintenance904_reference,Polymarket,87,completed_calendar_cohort,old_proxy__maintenance904_reference,2025-12-10,2025-10-29T14:06:00-04:00,1761761160,CLOSED,ZQX5,ZQZ5,CUT25,YES,34058.90,1370.99,1.370985,4.025336,2026-01-02T17:00:00-05:00,old_midpoint_plus2c_proxy,True,True,1.201287,4.025336,True
completed_calendar_cohort__old_proxy__maintenance904_reference__PM-20260128,PM-20260128,completed_calendar_cohort__old_proxy__maintenance904_reference,Polymarket,88,completed_calendar_cohort,old_proxy__maintenance904_reference,2026-01-28,2025-12-11T13:52:00-05:00,1765479120,CLOSED,ZQF6,ZQG6,CUT25,YES,100767.29,822.92,0.822916,0.816650,2026-03-02T17:00:00-05:00,old_midpoint_plus2c_proxy,True,True,0.816650,0.816650,True
completed_calendar_cohort__old_proxy__maintenance904_reference__PM-20260318,PM-20260318,completed_calendar_cohort__old_proxy__maintenance904_reference,Polymarket,89,completed_calendar_cohort,old_proxy__maintenance904_reference,2026-03-18,2026-01-30T10:26:00-05:00,1769786760,CLOSED,ZQG6,ZQH6,CUT25,YES,59227.09,894.51,0.894507,1.510301,2026-04-01T17:00:00-04:00,old_midpoint_plus2c_proxy,True,True,1.510301,1.510301,True
completed_calendar_cohort__old_proxy__maintenance904_reference__PM-20260429,PM-20260429,completed_calendar_cohort__old_proxy__maintenance904_reference,Polymarket,90,completed_calendar_cohort,old_proxy__maintenance904_reference,2026-04-29,2026-03-19T10:20:00-04:00,1773930000,CLOSED,ZQJ6,ZQK6,HOLD,YES,15731.36,767.80,0.767796,4.880675,2026-06-01T17:00:00-04:00,old_midpoint_plus2c_proxy,True,True,2.655642,4.880675,True
completed_calendar_cohort__old_proxy__maintenance904_reference__PM-20260729,PM-20260729,completed_calendar_cohort__old_proxy__maintenance904_reference,Polymarket,91,completed_calendar_cohort,old_proxy__maintenance904_reference,2026-07-29,2026-06-17T14:03:00-04:00,1781719380,CLOSED,ZQN6,ZQQ6,HOLD,YES,114155.85,11482.35,11.482349,10.058485,2026-09-01T17:00:00-04:00,old_midpoint_plus2c_proxy,True,True,10.451663,10.058485,True
completed_calendar_cohort__book_replace_2c__maintenance904_reference__PM-20240320,PM-20240320,completed_calendar_cohort__book_replace_2c__maintenance904_reference,Polymarket,92,completed_calendar_cohort,book_replace_2c__maintenance904_reference,2024-03-20,2024-02-01T12:05:00-05:00,1706807100,CLOSED,ZQG4,ZQH4,HOLD,NO,98603.86,3256.77,3.256775,3.302888,2024-04-01T17:00:00-04:00,old_midpoint_plus2c_proxy,False,True,3.302888,3.302888,True
completed_calendar_cohort__book_replace_2c__maintenance904_reference__PM-20250507,PM-20250507,completed_calendar_cohort__book_replace_2c__maintenance904_reference,Polymarket,93,completed_calendar_cohort,book_replace_2c__maintenance904_reference,2025-05-07,2025-04-01T11:35:00-04:00,1743521700,CLOSED,ZQJ5,ZQK5,CUT25,YES,102782.93,2051.91,2.051913,1.996356,2025-06-02T17:00:00-04:00,old_midpoint_plus2c_proxy,False,True,1.996356,1.996356,True
completed_calendar_cohort__book_replace_2c__maintenance904_reference__PM-20250730,PM-20250730,completed_calendar_cohort__book_replace_2c__maintenance904_reference,Polymarket,94,completed_calendar_cohort,book_replace_2c__maintenance904_reference,2025-07-30,2025-06-23T10:07:00-04:00,1750687620,CLOSED,ZQN5,ZQQ5,CUT25,YES,104698.43,681.13,0.681131,0.650564,2025-09-02T17:00:00-04:00,old_midpoint_plus2c_proxy,False,True,0.644325,0.650564,True
completed_calendar_cohort__book_replace_2c__maintenance904_reference__PM-20251029,PM-20251029,completed_calendar_cohort__book_replace_2c__maintenance904_reference,Polymarket,95,completed_calendar_cohort,book_replace_2c__maintenance904_reference,2025-10-29,2025-09-18T12:38:00-04:00,1758213480,CLOSED,ZQV5,ZQX5,CUT25,YES,105894.73,5607.63,5.607629,5.295475,2025-12-01T17:00:00-05:00,old_midpoint_plus2c_proxy,False,True,1.835586,5.295475,True
completed_calendar_cohort__book_replace_2c__maintenance904_reference__PM-20251210,PM-20251210,completed_calendar_cohort__book_replace_2c__maintenance904_reference,Polymarket,96,completed_calendar_cohort,book_replace_2c__maintenance904_reference,2025-12-10,2025-10-29T14:06:00-04:00,1761761160,CLOSED,ZQX5,ZQZ5,CUT25,YES,31964.00,1251.52,1.251521,3.915407,2026-01-02T17:00:00-05:00,telonex_static_full_ask_book,True,True,1.094342,3.915407,True
completed_calendar_cohort__book_replace_2c__maintenance904_reference__PM-20260128,PM-20260128,completed_calendar_cohort__book_replace_2c__maintenance904_reference,Polymarket,97,completed_calendar_cohort,book_replace_2c__maintenance904_reference,2026-01-28,2025-12-11T13:52:00-05:00,1765479120,CLOSED,ZQF6,ZQG6,CUT25,YES,102203.41,999.34,0.999339,0.977795,2026-03-02T17:00:00-05:00,telonex_static_full_ask_book,True,True,0.977795,0.977795,True
completed_calendar_cohort__book_replace_2c__maintenance904_reference__PM-20260318,PM-20260318,completed_calendar_cohort__book_replace_2c__maintenance904_reference,Polymarket,98,completed_calendar_cohort,book_replace_2c__maintenance904_reference,2026-03-18,2026-01-30T10:26:00-05:00,1769786760,CLOSED,ZQG6,ZQH6,CUT25,YES,58923.45,1198.15,1.198151,2.033402,2026-04-01T17:00:00-04:00,telonex_static_full_ask_book,True,True,2.033402,2.033402,True
completed_calendar_cohort__book_replace_2c__maintenance904_reference__PM-20260429,PM-20260429,completed_calendar_cohort__book_replace_2c__maintenance904_reference,Polymarket,99,completed_calendar_cohort,book_replace_2c__maintenance904_reference,2026-04-29,2026-03-19T10:20:00-04:00,1773930000,CLOSED,ZQJ6,ZQK6,HOLD,YES,15624.01,875.14,0.875144,5.601276,2026-06-01T17:00:00-04:00,telonex_static_full_ask_book,True,True,3.360955,5.601276,True
completed_calendar_cohort__book_replace_2c__maintenance904_reference__PM-20260729,PM-20260729,completed_calendar_cohort__book_replace_2c__maintenance904_reference,Polymarket,100,completed_calendar_cohort,book_replace_2c__maintenance904_reference,2026-07-29,2026-06-17T14:03:00-04:00,1781719380,CLOSED,ZQN6,ZQQ6,HOLD,YES,114605.99,11032.21,11.032213,9.626210,2026-09-01T17:00:00-04:00,telonex_static_full_ask_book,True,True,10.017844,9.626210,True
completed_calendar_cohort__book_retain_2c__maintenance904_reference__PM-20240320,PM-20240320,completed_calendar_cohort__book_retain_2c__maintenance904_reference,Polymarket,101,completed_calendar_cohort,book_retain_2c__maintenance904_reference,2024-03-20,2024-02-01T12:05:00-05:00,1706807100,CLOSED,ZQG4,ZQH4,HOLD,NO,98603.86,3256.77,3.256775,3.302888,2024-04-01T17:00:00-04:00,old_midpoint_plus2c_proxy,False,True,3.302888,3.302888,True
completed_calendar_cohort__book_retain_2c__maintenance904_reference__PM-20250507,PM-20250507,completed_calendar_cohort__book_retain_2c__maintenance904_reference,Polymarket,102,completed_calendar_cohort,book_retain_2c__maintenance904_reference,2025-05-07,2025-04-01T11:35:00-04:00,1743521700,CLOSED,ZQJ5,ZQK5,CUT25,YES,102782.93,2051.91,2.051913,1.996356,2025-06-02T17:00:00-04:00,old_midpoint_plus2c_proxy,False,True,1.996356,1.996356,True
completed_calendar_cohort__book_retain_2c__maintenance904_reference__PM-20250730,PM-20250730,completed_calendar_cohort__book_retain_2c__maintenance904_reference,Polymarket,103,completed_calendar_cohort,book_retain_2c__maintenance904_reference,2025-07-30,2025-06-23T10:07:00-04:00,1750687620,CLOSED,ZQN5,ZQQ5,CUT25,YES,104698.43,681.13,0.681131,0.650564,2025-09-02T17:00:00-04:00,old_midpoint_plus2c_proxy,False,True,0.644325,0.650564,True
completed_calendar_cohort__book_retain_2c__maintenance904_reference__PM-20251029,PM-20251029,completed_calendar_cohort__book_retain_2c__maintenance904_reference,Polymarket,104,completed_calendar_cohort,book_retain_2c__maintenance904_reference,2025-10-29,2025-09-18T12:38:00-04:00,1758213480,CLOSED,ZQV5,ZQX5,CUT25,YES,105894.73,5607.63,5.607629,5.295475,2025-12-01T17:00:00-05:00,old_midpoint_plus2c_proxy,False,True,1.835586,5.295475,True
completed_calendar_cohort__book_retain_2c__maintenance904_reference__PM-20251210,PM-20251210,completed_calendar_cohort__book_retain_2c__maintenance904_reference,Polymarket,105,completed_calendar_cohort,book_retain_2c__maintenance904_reference,2025-12-10,2025-10-29T14:06:00-04:00,1761761160,CLOSED,ZQX5,ZQZ5,CUT25,YES,23541.35,816.70,0.816700,3.469215,2026-01-02T17:00:00-05:00,telonex_static_full_ask_book,True,True,0.660264,3.469215,True
completed_calendar_cohort__book_retain_2c__maintenance904_reference__PM-20260128,PM-20260128,completed_calendar_cohort__book_retain_2c__maintenance904_reference,Polymarket,106,completed_calendar_cohort,book_retain_2c__maintenance904_reference,2026-01-28,2025-12-11T13:52:00-05:00,1765479120,CLOSED,ZQF6,ZQG6,CUT25,YES,8023.29,39.43,0.039428,0.491423,2026-03-02T17:00:00-05:00,telonex_static_full_ask_book,True,True,0.491423,0.491423,True
completed_calendar_cohort__book_retain_2c__maintenance904_reference__PM-20260318,PM-20260318,completed_calendar_cohort__book_retain_2c__maintenance904_reference,Polymarket,107,completed_calendar_cohort,book_retain_2c__maintenance904_reference,2026-03-18,2026-01-30T10:26:00-05:00,1769786760,CLOSED,ZQG6,ZQH6,CUT25,YES,111210.00,1358.11,1.358105,1.221208,2026-04-01T17:00:00-04:00,telonex_static_full_ask_book,True,True,1.221208,1.221208,True
completed_calendar_cohort__book_retain_2c__maintenance904_reference__PM-20260429,PM-20260429,completed_calendar_cohort__book_retain_2c__maintenance904_reference,Polymarket,108,completed_calendar_cohort,book_retain_2c__maintenance904_reference,2026-04-29,2026-03-19T10:20:00-04:00,1773930000,CLOSED,ZQJ6,ZQK6,HOLD,YES,15764.99,734.16,0.734164,4.656926,2026-06-01T17:00:00-04:00,telonex_static_full_ask_book,True,True,2.436639,4.656926,True
completed_calendar_cohort__book_retain_2c__maintenance904_reference__PM-20260729,PM-20260729,completed_calendar_cohort__book_retain_2c__maintenance904_reference,Polymarket,109,completed_calendar_cohort,book_retain_2c__maintenance904_reference,2026-07-29,2026-06-17T14:03:00-04:00,1781719380,CLOSED,ZQN6,ZQQ6,HOLD,YES,113680.63,9753.39,9.753393,8.579643,2026-09-01T17:00:00-04:00,telonex_static_full_ask_book,True,True,8.967539,8.579643,True
