ym,regime,days,mean_effr,open_effr,distinct,range_bp,drift_bp
2015-01,pre-2022,31,0.11483871,0.06,4,7.0,5.4839
2015-02,pre-2022,28,0.11071429,0.06,3,6.0,5.0714
2015-03,pre-2022,31,0.11290323,0.06,3,6.0,5.2903
2015-04,pre-2022,30,0.12466667,0.12,3,5.0,0.4667
2015-05,pre-2022,31,0.12322581,0.13,3,5.0,-0.6774
2015-06,pre-2022,30,0.129,0.12,4,6.0,0.9
2015-07,pre-2022,31,0.13032258,0.13,3,6.0,0.0323
2015-08,pre-2022,31,0.13806452,0.08,3,7.0,5.8065
2015-09,pre-2022,30,0.136,0.14,3,7.0,-0.4
2015-10,pre-2022,31,0.12354839,0.13,3,6.0,-0.6452
2015-11,pre-2022,30,0.11766667,0.07,4,6.0,4.7667
2015-12,pre-2022,31,0.24064516,0.13,7,24.0,11.0645
2016-01,pre-2022,31,0.34290323,0.2,5,18.0,14.2903
2016-02,pre-2022,29,0.37517241,0.38,3,9.0,-0.4828
2016-03,pre-2022,31,0.36225806,0.36,3,12.0,0.2258
2016-04,pre-2022,30,0.36533333,0.37,2,7.0,-0.4667
2016-05,pre-2022,31,0.36516129,0.3,3,8.0,6.5161
2016-06,pre-2022,30,0.37766667,0.37,6,11.0,0.7667
2016-07,pre-2022,31,0.3916129,0.41,3,11.0,-1.8387
2016-08,pre-2022,31,0.39677419,0.4,2,10.0,-0.3226
2016-09,pre-2022,30,0.39633333,0.4,2,11.0,-0.3667
2016-10,pre-2022,31,0.39645161,0.29,4,12.0,10.6452
2016-11,pre-2022,30,0.40666667,0.41,2,10.0,-0.3333
2016-12,pre-2022,31,0.54,0.41,3,25.0,13.0
2017-01,pre-2022,31,0.64967742,0.55,3,11.0,9.9677
2017-02,pre-2022,28,0.65678571,0.66,2,9.0,-0.3214
2017-03,pre-2022,31,0.78612903,0.66,3,25.0,12.6129
2017-04,pre-2022,30,0.896,0.82,3,9.0,7.6
2017-05,pre-2022,31,0.90741935,0.91,2,8.0,-0.2581
2017-06,pre-2022,30,1.04,0.91,3,25.0,13.0
2017-07,pre-2022,31,1.15064516,1.06,3,10.0,9.0645
2017-08,pre-2022,31,1.15709677,1.16,2,9.0,-0.2903
2017-09,pre-2022,30,1.15333333,1.16,2,10.0,-0.6667
2017-10,pre-2022,31,1.15387097,1.06,3,10.0,9.3871
2017-11,pre-2022,30,1.157,1.16,2,9.0,-0.3
2017-12,pre-2022,31,1.3016129,1.16,5,26.0,14.1613
2018-01,pre-2022,31,1.41451613,1.33,3,9.0,8.4516
2018-02,pre-2022,28,1.4175,1.42,2,7.0,-0.25
2018-03,pre-2022,31,1.50612903,1.42,5,26.0,8.6129
2018-04,pre-2022,30,1.69233333,1.67,4,3.0,2.2333
2018-05,pre-2022,31,1.7,1.7,1,0.0,0.0
2018-06,pre-2022,30,1.81966667,1.7,4,22.0,11.9667
2018-07,pre-2022,31,1.91,1.91,1,0.0,0.0
2018-08,pre-2022,31,1.91483871,1.91,2,1.0,0.4839
2018-09,pre-2022,30,1.95466667,1.91,4,27.0,4.4667
2018-10,pre-2022,31,2.18774194,2.18,3,2.0,0.7742
2018-11,pre-2022,30,2.19766667,2.2,2,1.0,-0.2333
2018-12,pre-2022,31,2.27419355,2.2,3,21.0,7.4194
2019-01,pre-2022,31,2.4,2.4,1,0.0,0.0
2019-02,pre-2022,28,2.4,2.4,1,0.0,0.0
2019-03,pre-2022,31,2.40516129,2.4,3,3.0,0.5161
2019-04,pre-2022,30,2.42366667,2.41,5,4.0,1.3667
2019-05,pre-2022,31,2.39096774,2.45,5,7.0,-5.9032
2019-06,pre-2022,30,2.37766667,2.4,4,4.0,-2.2333
2019-07,pre-2022,31,2.40290323,2.39,5,4.0,1.2903
2019-08,pre-2022,31,2.12580645,2.14,3,2.0,-1.4194
2019-09,pre-2022,30,2.043,2.13,8,47.0,-8.7
2019-10,pre-2022,31,1.82967742,1.88,6,32.0,-5.0323
2019-11,pre-2022,30,1.55333333,1.57,3,2.0,-1.6667
2019-12,pre-2022,31,1.55096774,1.56,2,1.0,-0.9032
2020-01,pre-2022,31,1.55064516,1.55,4,6.0,0.0645
2020-02,pre-2022,29,1.58310345,1.59,2,1.0,-0.6897
2020-03,pre-2022,31,0.65225806,1.58,11,151.0,-92.7742
2020-04,pre-2022,30,0.049,0.06,3,2.0,-1.1
2020-05,pre-2022,31,0.05,0.05,1,0.0,0.0
2020-06,pre-2022,30,0.07766667,0.05,5,4.0,2.7667
2020-07,pre-2022,31,0.09258065,0.08,3,2.0,1.2581
2020-08,pre-2022,31,0.09516129,0.1,3,2.0,-0.4839
2020-09,pre-2022,30,0.09,0.09,1,0.0,0.0
2020-10,pre-2022,31,0.09,0.09,1,0.0,0.0
2020-11,pre-2022,30,0.08633333,0.09,2,1.0,-0.3667
2020-12,pre-2022,31,0.09,0.09,1,0.0,0.0
2021-01,pre-2022,31,0.08516129,0.09,3,2.0,-0.4839
2021-02,pre-2022,28,0.07571429,0.08,2,1.0,-0.4286
2021-03,pre-2022,31,0.06967742,0.07,2,1.0,-0.0323
2021-04,pre-2022,30,0.069,0.07,3,2.0,-0.1
2021-05,pre-2022,31,0.05806452,0.05,2,1.0,0.8065
2021-06,pre-2022,30,0.078,0.06,3,4.0,1.8
2021-07,pre-2022,31,0.09806452,0.1,2,3.0,-0.1935
2021-08,pre-2022,31,0.09225806,0.07,5,4.0,2.2258
2021-09,pre-2022,30,0.07933333,0.08,2,2.0,-0.0667
2021-10,pre-2022,31,0.07903226,0.08,2,1.0,-0.0968
2021-11,pre-2022,30,0.07966667,0.08,2,1.0,-0.0333
2021-12,pre-2022,31,0.07967742,0.08,2,1.0,-0.0323
2022-01,pinned,31,0.07935484,0.07,2,1.0,0.9355
2022-02,pinned,28,0.08,0.08,1,0.0,0.0
2022-03,pinned,31,0.20096774,0.08,2,25.0,12.0968
2022-04,pinned,30,0.33,0.33,1,0.0,0.0
2022-05,pinned,31,0.76548387,0.33,2,50.0,43.5484
2022-06,pinned,30,1.205,0.83,2,75.0,37.5
2022-07,pinned,31,1.67580645,1.58,3,75.0,9.5806
2022-08,pinned,31,2.33,2.33,1,0.0,0.0
2022-09,pinned,30,2.555,2.33,2,75.0,22.5
2022-10,pinned,31,3.08,3.08,1,0.0,0.0
2022-11,pinned,30,3.78,3.08,2,75.0,70.0
2022-12,pinned,31,4.10419355,3.83,2,50.0,27.4194
2023-01,pinned,31,4.33,4.33,1,0.0,0.0
2023-02,pinned,28,4.57,4.33,3,25.0,24.0
2023-03,pinned,31,4.64903226,4.58,3,26.0,6.9032
2023-04,pinned,30,4.83,4.83,1,0.0,0.0
2023-05,pinned,31,5.05580645,4.83,2,25.0,22.5806
2023-06,pinned,30,5.07633333,5.08,2,1.0,-0.3667
2023-07,pinned,31,5.12,5.08,3,26.0,4.0
2023-08,pinned,31,5.33,5.33,1,0.0,0.0
2023-09,pinned,30,5.33,5.33,1,0.0,0.0
2023-10,pinned,31,5.33,5.33,1,0.0,0.0
2023-11,pinned,30,5.33,5.33,1,0.0,0.0
2023-12,pinned,31,5.33,5.33,1,0.0,0.0
2024-01,pinned,31,5.33,5.33,1,0.0,0.0
2024-02,pinned,29,5.33,5.33,1,0.0,0.0
2024-03,pinned,31,5.33,5.33,1,0.0,0.0
2024-04,pinned,30,5.33,5.33,1,0.0,0.0
2024-05,pinned,31,5.33,5.33,1,0.0,0.0
2024-06,pinned,30,5.33,5.33,1,0.0,0.0
2024-07,pinned,31,5.33,5.33,1,0.0,0.0
2024-08,pinned,31,5.33,5.33,1,0.0,0.0
2024-09,pinned,30,5.13,5.33,2,50.0,-20.0
2024-10,pinned,31,4.83,4.83,1,0.0,0.0
2024-11,pinned,30,4.63833333,4.83,2,25.0,-19.1667
2024-12,pinned,31,4.47516129,4.58,2,25.0,-10.4839
2025-01,pinned,31,4.33,4.33,1,0.0,0.0
2025-02,pinned,28,4.33,4.33,1,0.0,0.0
2025-03,pinned,31,4.33,4.33,1,0.0,0.0
2025-04,pinned,30,4.33,4.33,1,0.0,0.0
2025-05,pinned,31,4.33,4.33,1,0.0,0.0
2025-06,pinned,30,4.33,4.33,1,0.0,0.0
2025-07,pinned,31,4.33,4.33,1,0.0,0.0
2025-08,pinned,31,4.33,4.33,1,0.0,0.0
2025-09,drifting,30,4.22466667,4.33,3,25.0,-10.5333
2025-10,drifting,31,4.08806452,4.09,6,26.0,-0.1935
2025-11,drifting,30,3.87633333,3.86,4,3.0,1.6333
2025-12,drifting,31,3.72064516,3.89,2,25.0,-16.9355
2026-01,drifting,31,3.64,3.64,1,0.0,0.0
2026-02,drifting,28,3.64,3.64,1,0.0,0.0
2026-03,drifting,31,3.64,3.64,1,0.0,0.0
2026-04,drifting,30,3.64,3.64,1,0.0,0.0
2026-05,drifting,31,3.62774194,3.64,3,2.0,-1.2258
2026-06,drifting,30,3.62533333,3.62,2,1.0,0.5333
2026-07,drifting,31,3.62806452,3.63,2,1.0,-0.1935
2026-08,drifting,31,3.63,3.63,1,0.0,0.0
2026-09,drifting,30,3.63,3.63,1,0.0,0.0
