meeting_date,effective_date,days_in_month,days_post,w,front_eligible,front_span,back_eligible,back_span,instrument,span,leg_near,leg_far,contracts_per_zq,realized_change_bp,regime
2022-01-26,2022-01-27,31,5,0.16129,True,0.83871,True,0.16129,FRONT,0.83871,2022-01,2022-02,873.7,0,pinned
2022-03-16,2022-03-17,31,15,0.483871,True,0.516129,True,0.483871,FRONT,0.516129,2022-03,2022-04,537.7,25,pinned
2022-05-04,2022-05-05,31,27,0.870968,False,0.129032,True,0.870968,BACK,0.870968,2022-04,2022-05,907.3,50,pinned
2022-06-15,2022-06-16,30,15,0.5,False,0.5,False,0.5,,0.0,,,,75,pinned
2022-07-27,2022-07-28,31,4,0.129032,True,0.870968,False,0.129032,FRONT,0.870968,2022-07,2022-08,907.3,75,pinned
2022-09-21,2022-09-22,30,9,0.3,True,0.7,True,0.3,FRONT,0.7,2022-09,2022-10,729.2,75,pinned
2022-11-02,2022-11-03,30,28,0.933333,False,0.066667,True,0.933333,BACK,0.933333,2022-10,2022-11,972.3,75,pinned
2022-12-14,2022-12-15,31,17,0.548387,True,0.451613,False,0.548387,FRONT,0.451613,2022-12,2023-01,470.5,50,pinned
2023-02-01,2023-02-02,28,27,0.964286,False,0.035714,True,0.964286,BACK,0.964286,2023-01,2023-02,1004.5,25,pinned
2023-03-22,2023-03-23,31,9,0.290323,True,0.709677,False,0.290323,FRONT,0.709677,2023-03,2023-04,739.3,25,pinned
2023-05-03,2023-05-04,31,28,0.903226,False,0.096774,True,0.903226,BACK,0.903226,2023-04,2023-05,940.9,25,pinned
2023-06-14,2023-06-15,30,16,0.533333,False,0.466667,False,0.533333,,0.0,,,,0,pinned
2023-07-26,2023-07-27,31,5,0.16129,True,0.83871,False,0.16129,FRONT,0.83871,2023-07,2023-08,873.7,25,pinned
2023-09-20,2023-09-21,30,10,0.333333,True,0.666667,True,0.333333,FRONT,0.666667,2023-09,2023-10,694.5,0,pinned
2023-11-01,2023-11-02,30,29,0.966667,False,0.033333,True,0.966667,BACK,0.966667,2023-10,2023-11,1007.0,0,pinned
2023-12-13,2023-12-14,31,18,0.580645,True,0.419355,False,0.580645,FRONT,0.419355,2023-12,2024-01,436.9,0,pinned
2024-01-31,2024-02-01,31,0,0.0,True,1.0,False,0.0,FRONT,1.0,2024-01,2024-02,1041.8,0,pinned
2024-03-20,2024-03-21,31,11,0.354839,True,0.645161,False,0.354839,FRONT,0.645161,2024-03,2024-04,672.1,0,pinned
2024-05-01,2024-05-02,31,30,0.967742,False,0.032258,True,0.967742,BACK,0.967742,2024-04,2024-05,1008.1,0,pinned
2024-06-12,2024-06-13,30,18,0.6,True,0.4,False,0.6,FRONT,0.4,2024-06,2024-07,416.7,0,pinned
2024-07-31,2024-08-01,31,0,0.0,True,1.0,False,0.0,FRONT,1.0,2024-07,2024-08,1041.8,0,pinned
2024-09-18,2024-09-19,30,12,0.4,True,0.6,False,0.4,FRONT,0.6,2024-09,2024-10,625.0,-50,pinned
2024-11-07,2024-11-08,30,23,0.766667,False,0.233333,True,0.766667,BACK,0.766667,2024-10,2024-11,798.7,-25,pinned
2024-12-18,2024-12-19,31,13,0.419355,False,0.580645,False,0.419355,,0.0,,,,-25,pinned
2025-01-29,2025-01-30,31,2,0.064516,True,0.935484,False,0.064516,FRONT,0.935484,2025-01,2025-02,974.5,0,pinned
2025-03-19,2025-03-20,31,12,0.387097,True,0.612903,True,0.387097,FRONT,0.612903,2025-03,2025-04,638.5,0,pinned
2025-05-07,2025-05-08,31,24,0.774194,False,0.225806,True,0.774194,BACK,0.774194,2025-04,2025-05,806.5,0,pinned
2025-06-18,2025-06-20,30,11,0.366667,False,0.633333,False,0.366667,,0.0,,,,0,pinned
2025-07-30,2025-07-31,31,1,0.032258,True,0.967742,False,0.032258,FRONT,0.967742,2025-07,2025-08,1008.1,0,pinned
2025-09-17,2025-09-18,30,13,0.433333,False,0.566667,True,0.433333,BACK,0.433333,2025-08,2025-09,451.4,-25,drifting
2025-10-29,2025-10-30,31,2,0.064516,True,0.935484,False,0.064516,FRONT,0.935484,2025-10,2025-11,974.5,-25,drifting
2025-12-10,2025-12-11,31,21,0.677419,False,0.322581,True,0.677419,BACK,0.677419,2025-11,2025-12,705.7,-25,drifting
2026-01-28,2026-01-29,31,3,0.096774,True,0.903226,False,0.096774,FRONT,0.903226,2026-01,2026-02,940.9,0,drifting
2026-03-18,2026-03-19,31,13,0.419355,False,0.580645,True,0.419355,BACK,0.419355,2026-02,2026-03,436.9,0,drifting
2026-04-29,2026-04-30,30,1,0.033333,True,0.966667,False,0.033333,FRONT,0.966667,2026-04,2026-05,1007.0,0,drifting
2026-06-17,2026-06-18,30,13,0.433333,False,0.566667,True,0.433333,BACK,0.433333,2026-05,2026-06,451.4,0,drifting
2026-07-29,2026-07-30,31,2,0.064516,True,0.935484,False,0.064516,FRONT,0.935484,2026-07,2026-08,974.5,0,drifting
2026-09-16,2026-09-17,30,14,0.466667,False,0.533333,True,0.466667,BACK,0.466667,2026-08,2026-09,486.2,,drifting
2026-10-28,2026-10-29,31,3,0.096774,True,0.903226,False,0.096774,FRONT,0.903226,2026-10,2026-11,940.9,,drifting
2026-12-09,2026-12-10,31,22,0.709677,False,0.290323,True,0.709677,BACK,0.709677,2026-11,2026-12,739.3,,drifting
2027-01-27,2027-01-28,31,4,0.129032,True,0.870968,False,0.129032,FRONT,0.870968,2027-01,2027-02,907.3,,drifting
2027-03-17,2027-03-18,31,14,0.451613,False,0.548387,True,0.451613,BACK,0.451613,2027-02,2027-03,470.5,,drifting
2027-04-28,2027-04-29,30,2,0.066667,True,0.933333,False,0.066667,FRONT,0.933333,2027-04,2027-05,972.3,,drifting
2027-06-09,2027-06-10,30,21,0.7,False,0.3,True,0.7,BACK,0.7,2027-05,2027-06,729.2,,drifting
2027-07-28,2027-07-29,31,3,0.096774,True,0.903226,False,0.096774,FRONT,0.903226,2027-07,2027-08,940.9,,drifting
2027-09-15,2027-09-16,30,15,0.5,False,0.5,True,0.5,BACK,0.5,2027-08,2027-09,520.9,,drifting
2027-10-27,2027-10-28,31,4,0.129032,True,0.870968,False,0.129032,FRONT,0.870968,2027-10,2027-11,907.3,,drifting
2027-12-08,2027-12-09,31,23,0.741935,False,0.258065,True,0.741935,BACK,0.741935,2027-11,2027-12,772.9,,drifting
2028-01-26,2028-01-27,31,5,0.16129,True,0.83871,False,0.16129,FRONT,0.83871,2028-01,2028-02,873.7,,drifting
