meeting_date,regime,instrument,span,realized_change_bp,spread_terminal_bp,ideal_bp,resid_bp,err_implied_bp,err_cents,is_exact_zero
2022-01-26,pinned,FRONT,0.83871,0,0.0645,0.0,0.0645,0.0769,0.3077,False
2022-03-16,pinned,FRONT,0.516129,25,12.9032,12.9032,0.0,0.0,0.0,True
2022-05-04,pinned,BACK,0.870968,50,43.5484,43.5484,-0.0,-0.0,-0.0001,True
2022-07-27,pinned,FRONT,0.870968,75,65.4194,65.3226,0.0968,0.1111,0.4444,False
2022-09-21,pinned,FRONT,0.7,75,52.5,52.5,-0.0,-0.0,-0.0,True
2022-11-02,pinned,BACK,0.933333,75,70.0,70.0,0.0,0.0,0.0001,True
2022-12-14,pinned,FRONT,0.451613,50,22.5806,22.5806,-0.0,-0.0,-0.0,True
2023-02-01,pinned,BACK,0.964286,25,24.0,24.1072,-0.1072,-0.1111,-0.4445,False
2023-03-22,pinned,FRONT,0.709677,25,18.0968,17.7419,0.3548,0.5,2.0001,False
2023-05-03,pinned,BACK,0.903226,25,22.5806,22.5806,-0.0,-0.0,-0.0,True
2023-07-26,pinned,FRONT,0.83871,25,21.0,20.9677,0.0322,0.0385,0.1538,False
2023-09-20,pinned,FRONT,0.666667,0,0.0,0.0,0.0,0.0,0.0,True
2023-11-01,pinned,BACK,0.966667,0,0.0,0.0,0.0,0.0,0.0,True
2023-12-13,pinned,FRONT,0.419355,0,0.0,0.0,0.0,0.0,0.0,True
2024-01-31,pinned,FRONT,1.0,0,0.0,0.0,0.0,0.0,0.0,True
2024-03-20,pinned,FRONT,0.645161,0,0.0,0.0,0.0,0.0,0.0,True
2024-05-01,pinned,BACK,0.967742,0,0.0,0.0,0.0,0.0,0.0,True
2024-06-12,pinned,FRONT,0.4,0,0.0,0.0,0.0,0.0,0.0,True
2024-07-31,pinned,FRONT,1.0,0,0.0,0.0,0.0,0.0,0.0,True
2024-09-18,pinned,FRONT,0.6,-50,-30.0,-30.0,0.0,0.0,0.0,True
2024-11-07,pinned,BACK,0.766667,-25,-19.1667,-19.1667,0.0,0.0,0.0,True
2025-01-29,pinned,FRONT,0.935484,0,0.0,0.0,0.0,0.0,0.0,True
2025-03-19,pinned,FRONT,0.612903,0,0.0,0.0,0.0,0.0,0.0,True
2025-05-07,pinned,BACK,0.774194,0,0.0,0.0,0.0,0.0,0.0,True
2025-07-30,pinned,FRONT,0.967742,0,0.0,0.0,0.0,0.0,0.0,True
2025-09-17,drifting,BACK,0.433333,-25,-10.5333,-10.8333,0.3,0.6923,2.7692,False
2025-10-29,drifting,FRONT,0.935484,-25,-21.1731,-23.3871,2.214,2.3667,9.4667,False
2025-12-10,drifting,BACK,0.677419,-25,-15.5688,-16.9355,1.3667,2.0174,8.0698,False
2026-01-28,drifting,FRONT,0.903226,0,0.0,0.0,0.0,0.0,0.0,True
2026-03-18,drifting,BACK,0.419355,0,0.0,0.0,0.0,0.0,0.0,True
2026-04-29,drifting,FRONT,0.966667,0,-1.2258,0.0,-1.2258,-1.2681,-5.0723,False
2026-06-17,drifting,BACK,0.433333,0,-0.2409,0.0,-0.2409,-0.5558,-2.2233,False
2026-07-29,drifting,FRONT,0.935484,0,0.1935,0.0,0.1935,0.2069,0.8276,False
