meeting_date,regime,realized_change_bp,cme_implied_bp_t19,cme_obs_days,poly_implied_bp_t19,poly_legs,poly_minute_points,poly_first,poly_last,basis_cents_t19,kalshi_legs,kalshi_first,kalshi_last
2022-01-26,pinned,0,2.087,16.0,,,,,,,,,
2022-03-16,pinned,25,31.0,16.0,,,,,,,,,
2022-05-04,pinned,50,49.37,14.0,,,,,,,,,
2022-06-15,pinned,75,,,,,,,,,,,
2022-07-27,pinned,75,74.056,16.0,,,,,,,,,
2022-09-21,pinned,75,63.929,16.0,,,,,,,,,
2022-11-02,pinned,75,77.411,17.0,,,,,,,,,
2022-12-14,pinned,50,52.036,16.0,,,,,,,,,
2023-02-01,pinned,25,27.222,16.0,25.98,4.0,683176.0,2022-12-15,2023-05-17,4.968,,,
2023-03-22,pinned,25,30.648,17.0,29.657,4.0,485641.0,2023-02-14,2023-05-17,3.964,,,
2023-05-03,pinned,25,20.482,15.0,19.554,4.0,296899.0,2023-03-22,2023-05-17,3.712,,,
2023-06-14,pinned,0,,,15.385,4.0,235935.0,2023-05-03,2023-06-14,,,,
2023-07-26,pinned,25,22.356,16.0,22.783,3.0,190056.0,2023-06-12,2023-07-26,-1.708,,,
2023-09-20,pinned,0,1.5,16.0,0.884,2.0,129512.0,2023-07-19,2023-09-20,2.464,,,
2023-11-01,pinned,0,2.069,17.0,1.142,2.0,124350.0,2023-09-19,2023-11-01,3.708,,,
2023-12-13,pinned,0,1.192,16.0,0.4,2.0,130809.0,2023-10-23,2023-12-13,3.168,,,
2024-01-31,pinned,0,-1.25,16.0,5.231,3.0,194190.0,2023-12-08,2024-01-31,-25.924,,,
2024-03-20,pinned,0,-1.163,17.0,-0.42,4.0,270662.0,2024-01-31,2024-03-20,-2.972,,,
2024-05-01,pinned,0,-1.292,17.0,-0.785,4.0,161885.0,2024-04-03,2024-05-01,-2.028,,,
2024-06-12,pinned,0,0.0,16.0,-0.697,4.0,243109.0,2024-05-01,2024-06-12,2.788,,,
2024-07-31,pinned,0,-1.5,17.0,-2.384,4.0,258813.0,2024-06-12,2024-07-31,3.536,,,
2024-09-18,pinned,-50,-32.5,16.0,-29.357,4.0,259043.0,2024-07-25,2024-09-18,-12.572,,,
2024-11-07,pinned,-25,-23.478,14.0,-22.466,5.0,323621.0,2024-08-02,2024-11-07,-4.048,,,
2024-12-18,pinned,-25,,,-17.434,5.0,323416.0,2024-08-06,2024-12-18,,,,
2025-01-29,pinned,0,-0.802,16.0,-0.415,5.0,323707.0,2024-11-07,2025-01-29,-1.548,,,
2025-03-19,pinned,0,-2.447,17.0,-1.248,4.0,259101.0,2024-12-18,2025-03-19,-4.796,,,
2025-05-07,pinned,0,-2.583,13.0,-2.732,4.0,258903.0,2025-01-23,2025-05-07,0.596,,,
2025-06-18,pinned,0,,,-1.29,4.0,258976.0,2025-02-06,2025-06-18,,,,
2025-07-30,pinned,0,-1.292,17.0,-1.518,4.0,258906.0,2025-03-19,2025-07-30,0.904,,,
2025-09-17,drifting,-25,-21.923,5.0,-21.979,4.0,258970.0,2025-05-07,2025-09-17,0.224,,,
2025-10-29,drifting,-25,-24.586,17.0,-23.909,4.0,259873.0,2025-06-19,2025-10-30,-2.708,,,
2025-12-10,drifting,-25,-14.762,9.0,-17.07,4.0,257974.0,2025-07-31,2025-12-10,9.232,,,
2026-01-28,drifting,0,-1.107,16.0,-0.699,4.0,258811.0,2025-09-17,2026-01-28,-1.632,,,
2026-03-18,drifting,0,-2.385,5.0,-0.576,4.0,258738.0,2025-10-29,2026-03-18,-7.236,,,
2026-04-29,drifting,0,0.517,17.0,-0.312,4.0,258056.0,2025-11-12,2026-04-29,3.316,,,
2026-06-17,drifting,0,-1.154,4.0,-0.399,5.0,322812.0,2025-12-10,2026-06-17,-3.02,,,
2026-07-29,drifting,0,8.552,17.0,5.472,5.0,322390.0,2026-03-19,2026-07-29,12.32,5.0,2025-09-29,2026-07-29
2026-09-16,drifting,,13.929,7.0,12.27,10.0,406739.0,2026-04-29,2026-09-16,6.636,5.0,2025-09-29,2026-09-16
2026-10-28,drifting,,,,,5.0,323533.0,2026-06-17,2026-09-17,,5.0,2025-09-29,2026-09-17
2026-12-09,drifting,,,,,5.0,323527.0,2026-07-29,2026-09-17,,5.0,2025-09-29,2026-09-17
2027-01-27,drifting,,,,,5.0,323525.0,2026-07-29,2026-09-17,,5.0,2025-09-29,2026-09-17
2027-03-17,drifting,,,,,,,,,,5.0,2025-10-06,2026-09-17
2027-04-28,drifting,,,,,,,,,,5.0,2025-10-06,2026-09-17
2027-06-09,drifting,,,,,,,,,,5.0,2025-10-06,2026-09-17
2027-07-28,drifting,,,,,,,,,,5.0,2025-10-06,2026-09-17
2027-09-15,drifting,,,,,,,,,,5.0,2025-10-06,2026-09-17
2027-10-27,drifting,,,,,,,,,,5.0,2025-10-06,2026-09-17
2027-12-08,drifting,,,,,,,,,,5.0,2025-10-06,2026-09-17
2028-01-26,drifting,,,,,,,,,,5.0,2025-10-06,2026-09-17
