date,meeting_date,pick,span,cme_bp,dtd,sum_raw,n_legs,live_inplay,poly_bp,err_cents,basis_c,regime,net_cents,contracts_per_spread,usd_per_spread
2023-01-11,2023-02-01,BACK,0.9642857142857143,31.370370370371315,21,1.04,3,11,30.288461538461537,-0.4444444444465687,4.327635327639115,pinned,2.1793183041142328,1005.0,21.902148956348036
2023-03-02,2023-03-22,FRONT,0.7096774193548387,31.352272727272247,20,1.02,4,9,29.901960784313726,1.9999999999953375,5.801247771834085,pinned,0.6370572707152009,739.0,4.707853230585335
2023-04-13,2023-05-03,BACK,0.9032258064516129,17.991071428570798,20,1.04,4,14,17.067307692307693,3.461358184202774e-12,3.6950549450524193,pinned,0.9946195513090286,941.0,9.359369977817959
2023-07-06,2023-07-26,FRONT,0.8387096774193549,22.057692307692577,20,1.01,3,17,23.019801980198018,0.15384615384316738,-3.8484386900217658,pinned,1.1710467275296246,874.0,10.234948398608918
2024-07-12,2024-07-31,FRONT,1.0,-1.5000000000000568,19,1.012,4,25,-2.3838932806324107,0.0,3.5355731225294154,pinned,0.9996959926998017,1042.0,10.416832243931934
2024-08-28,2024-09-18,FRONT,0.6,-34.16666666666639,21,1.008,4,15,-30.319940476190474,1.8947806286936006e-12,-15.38690476190365,pinned,11.827109545522857,625.0,73.91943465951786
2024-10-21,2024-11-07,BACK,0.7666666666666667,-22.173913043478482,17,0.996,4,12,-23.205321285140563,1.98334102764341e-12,4.125632966648325,pinned,1.1223149712164115,799.0,8.967296620019129
2025-02-28,2025-03-19,FRONT,0.6129032258064516,-2.4473684210527242,19,1.002,4,46,-1.2475049900199602,0.0,-4.799453724131056,pinned,1.2935489333564236,638.0,8.252842194813983
2025-04-16,2025-05-07,BACK,0.7741935483870968,-4.19791666666652,21,0.9955,4,15,-3.2521346057257654,0.0,-3.78312824376302,pinned,0.7992869510664358,807.0,6.450245695106137
