meeting_date,resid_bp,err_D_bp,err_cents,regime
2022-01-26,0.06451612903219939,0.07692307692300696,0.3076923076920278,pinned
2022-03-16,-3.659295089164516e-13,-7.08988423525625e-13,-2.8359536941025e-12,pinned
2022-05-04,1.8474111129762605e-13,2.1211016482320027e-13,8.484406592928011e-13,pinned
2022-07-27,0.09677419354856909,0.11111111111132006,0.44444444444528025,pinned
2022-09-21,-8.526512829121202e-13,-1.218073261303029e-12,-4.872293045212116e-12,pinned
2022-11-02,2.8421709430404007e-13,3.045183153257572e-13,1.2180732613030288e-12,pinned
2022-12-14,-6.430411758628907e-13,-1.4238768894106862e-12,-5.695507557642745e-12,pinned
2023-02-01,-0.10714285714336924,-0.11111111111164218,-0.4444444444465687,pinned
2023-03-22,0.35483870967659215,0.4999999999988344,1.9999999999953375,pinned
2023-05-03,7.815970093361102e-13,8.653395460506935e-13,3.461358184202774e-12,pinned
2023-07-26,0.03225806451550284,0.038461538460791846,0.15384615384316738,pinned
2023-09-20,0.0,0.0,0.0,pinned
2023-11-01,0.0,0.0,0.0,pinned
2023-12-13,0.0,0.0,0.0,pinned
2024-01-31,0.0,0.0,0.0,pinned
2024-03-20,0.0,0.0,0.0,pinned
2024-05-01,0.0,0.0,0.0,pinned
2024-06-12,0.0,0.0,0.0,pinned
2024-07-31,0.0,0.0,0.0,pinned
2024-09-18,2.8421709430404007e-13,4.736951571734002e-13,1.8947806286936006e-12,pinned
2024-11-07,3.801403636316536e-13,4.958352569108525e-13,1.98334102764341e-12,pinned
2025-01-29,0.0,0.0,0.0,pinned
2025-03-19,0.0,0.0,0.0,pinned
2025-05-07,0.0,0.0,0.0,pinned
2025-07-30,0.0,0.0,0.0,pinned
2025-09-17,0.2999999999999172,0.6923076923075012,2.769230769230005,drifting
2025-10-29,2.213978494623305,2.3666666666662914,9.466666666665166,drifting
2025-12-10,1.3666666666663296,2.01746031745982,8.06984126983928,drifting
2026-01-28,0.0,0.0,0.0,drifting
2026-03-18,0.0,0.0,0.0,drifting
2026-04-29,-1.2258064516132094,-1.2680756395998718,-5.072302558399487,drifting
2026-06-17,-0.2408602150538286,-0.5558312655088352,-2.223325062035341,drifting
2026-07-29,0.19354838709659816,0.20689655172394975,0.827586206895799,drifting
