pair,month_early,month_late,regime,n_days_early,n_days_late,n_distinct_effr_early,n_distinct_effr_late,anchor_date,anchor_effr,real_mean_early,real_mean_late,model_mean_early,model_mean_late,drift_early_bp,drift_late_bp,spread_real_bp,spread_model_bp,resid_bp,abs_resid_bp,effr_less_iorb_early_bp,effr_less_iorb_late_bp,iorb_identity_bp,identity_err_bp,front_meeting,s_front,c_front,front_clean,resid_cents_front,back_meeting,s_back,c_back,back_clean,resid_cents_back,quarter_boundary
2022-01/2022-02,2022-01,2022-02,pinned,31,28,2,1,2021-12-31,0.07,0.079355,0.08,0.07,0.07,0.935484,1.0,-0.064516,-0.0,-0.064516,0.064516,-7.064516,-7.0,-0.064516,0.0,2022-01-26,0.83871,0.0,True,0.307692,,,,,,False
2022-02/2022-03,2022-02,2022-03,pinned,28,31,1,2,2022-01-31,0.08,0.08,0.200968,0.08,0.200968,0.0,0.0,-12.096774,-12.096774,0.0,0.0,-7.0,-7.0,0.0,0.0,,,,,,2022-03-16,0.483871,0.0,True,0.0,False
2022-03/2022-04,2022-03,2022-04,pinned,31,30,2,1,2022-02-28,0.08,0.200968,0.33,0.200968,0.33,0.0,0.0,-12.903226,-12.903226,0.0,0.0,-7.0,-7.0,0.0,0.0,2022-03-16,0.516129,0.0,True,0.0,,,,,,True
2022-04/2022-05,2022-04,2022-05,pinned,30,31,1,2,2022-03-31,0.33,0.33,0.765484,0.33,0.765484,0.0,-0.0,-43.548387,-43.548387,0.0,0.0,-7.0,-7.0,0.0,0.0,,,,,,2022-05-04,0.870968,0.0,True,0.0,False
2022-05/2022-06,2022-05,2022-06,pinned,31,30,2,2,2022-04-30,0.33,0.765484,1.205,0.765484,1.205,-0.0,0.0,-43.951613,-43.951613,-0.0,0.0,-7.0,-7.0,-0.0,0.0,2022-05-04,0.129032,0.5,False,0.0,2022-06-15,0.5,0.129032,False,0.0,False
2022-06/2022-07,2022-06,2022-07,pinned,30,31,2,3,2022-05-31,0.83,1.205,1.675806,1.205,1.676774,0.0,-0.096774,-47.080645,-47.177419,0.096774,0.096774,-7.0,-7.096774,0.096774,0.0,2022-06-15,0.5,0.129032,False,0.774194,2022-07-27,0.129032,0.5,False,3.0,True
2022-07/2022-08,2022-07,2022-08,pinned,31,31,3,1,2022-06-30,1.58,1.675806,2.33,1.676774,2.33,-0.096774,0.0,-65.419355,-65.322581,-0.096774,0.096774,-7.096774,-7.0,-0.096774,0.0,2022-07-27,0.870968,0.0,True,0.444444,,,,,,False
2022-08/2022-09,2022-08,2022-09,pinned,31,30,1,2,2022-07-31,2.32,2.33,2.555,2.32,2.545,1.0,1.0,-22.5,-22.5,0.0,0.0,-7.0,-7.0,0.0,0.0,,,,,,2022-09-21,0.3,0.0,True,0.0,False
2022-09/2022-10,2022-09,2022-10,pinned,30,31,2,1,2022-08-31,2.33,2.555,3.08,2.555,3.08,0.0,0.0,-52.5,-52.5,0.0,0.0,-7.0,-7.0,0.0,0.0,2022-09-21,0.7,0.0,True,0.0,,,,,,True
2022-10/2022-11,2022-10,2022-11,pinned,31,30,1,2,2022-09-30,3.08,3.08,3.78,3.08,3.78,0.0,0.0,-70.0,-70.0,0.0,0.0,-7.0,-7.0,0.0,0.0,,,,,,2022-11-02,0.933333,0.0,True,0.0,False
2022-11/2022-12,2022-11,2022-12,pinned,30,31,2,2,2022-10-31,3.08,3.78,4.104194,3.78,4.104194,0.0,0.0,-32.419355,-32.419355,0.0,0.0,-7.0,-7.0,0.0,0.0,2022-11-02,0.066667,0.548387,False,0.0,2022-12-14,0.548387,0.066667,False,0.0,False
2022-12/2023-01,2022-12,2023-01,pinned,31,31,2,1,2022-11-30,3.83,4.104194,4.33,4.104194,4.33,0.0,0.0,-22.580645,-22.580645,0.0,0.0,-7.0,-7.0,0.0,0.0,2022-12-14,0.451613,0.0,True,0.0,,,,,,True
2023-01/2023-02,2023-01,2023-02,pinned,31,28,1,3,2022-12-31,4.33,4.33,4.57,4.33,4.571071,0.0,-0.107143,-24.0,-24.107143,0.107143,0.107143,-7.0,-7.107143,0.107143,0.0,,,,,,2023-02-01,0.964286,0.0,True,0.444444,False
2023-02/2023-03,2023-02,2023-03,pinned,28,31,3,3,2023-01-31,4.33,4.57,4.649032,4.571071,4.652581,-0.107143,-0.354839,-7.903226,-8.150922,0.247696,0.247696,-7.107143,-7.354839,0.247696,0.0,2023-02-01,0.035714,0.290323,False,27.741935,2023-03-22,0.290323,0.035714,False,3.412698,False
2023-03/2023-04,2023-03,2023-04,pinned,31,30,3,1,2023-02-28,4.57,4.649032,4.83,4.642581,4.82,0.645161,1.0,-18.096774,-17.741935,-0.354839,0.354839,-7.354839,-7.0,-0.354839,0.0,2023-03-22,0.709677,0.0,True,2.0,,,,,,True
2023-04/2023-05,2023-04,2023-05,pinned,30,31,1,2,2023-03-31,4.83,4.83,5.055806,4.83,5.055806,0.0,0.0,-22.580645,-22.580645,0.0,0.0,-7.0,-7.0,0.0,0.0,,,,,,2023-05-03,0.903226,0.0,True,0.0,False
2023-05/2023-06,2023-05,2023-06,pinned,31,30,2,2,2023-04-30,4.83,5.055806,5.076333,5.055806,5.08,0.0,-0.366667,-2.052688,-2.419355,0.366667,0.366667,-7.0,-7.366667,0.366667,0.0,2023-05-03,0.096774,0.533333,False,15.155556,2023-06-14,0.533333,0.096774,False,2.75,False
2023-06/2023-07,2023-06,2023-07,pinned,30,31,2,3,2023-05-31,5.08,5.076333,5.12,5.08,5.120323,-0.366667,-0.032258,-4.366667,-4.032258,-0.334409,0.334409,-7.366667,-7.032258,-0.334409,0.0,2023-06-14,0.466667,0.16129,False,2.866359,2023-07-26,0.16129,0.466667,False,8.293333,True
2023-07/2023-08,2023-07,2023-08,pinned,31,31,3,1,2023-06-30,5.08,5.12,5.33,5.120323,5.33,-0.032258,0.0,-21.0,-20.967742,-0.032258,0.032258,-7.032258,-7.0,-0.032258,0.0,2023-07-26,0.83871,0.0,True,0.153846,,,,,,False
2023-08/2023-09,2023-08,2023-09,pinned,31,30,1,1,2023-07-31,5.33,5.33,5.33,5.33,5.33,0.0,0.0,0.0,0.0,0.0,0.0,-7.0,-7.0,0.0,0.0,,,,,,2023-09-20,0.333333,0.0,True,0.0,False
2023-09/2023-10,2023-09,2023-10,pinned,30,31,1,1,2023-08-31,5.33,5.33,5.33,5.33,5.33,0.0,0.0,-0.0,-0.0,0.0,0.0,-7.0,-7.0,0.0,0.0,2023-09-20,0.666667,0.0,True,0.0,,,,,,True
2023-10/2023-11,2023-10,2023-11,pinned,31,30,1,1,2023-09-30,5.33,5.33,5.33,5.33,5.33,0.0,0.0,0.0,0.0,0.0,0.0,-7.0,-7.0,0.0,0.0,,,,,,2023-11-01,0.966667,0.0,True,0.0,False
2023-11/2023-12,2023-11,2023-12,pinned,30,31,1,1,2023-10-31,5.33,5.33,5.33,5.33,5.33,0.0,0.0,-0.0,-0.0,0.0,0.0,-7.0,-7.0,0.0,0.0,2023-11-01,0.033333,0.580645,False,0.0,2023-12-13,0.580645,0.033333,False,0.0,False
2023-12/2024-01,2023-12,2024-01,pinned,31,31,1,1,2023-11-30,5.33,5.33,5.33,5.33,5.33,0.0,0.0,0.0,0.0,0.0,0.0,-7.0,-7.0,0.0,0.0,2023-12-13,0.419355,0.0,True,0.0,2024-01-31,0.0,0.419355,False,,True
2024-01/2024-02,2024-01,2024-02,pinned,31,29,1,1,2023-12-31,5.33,5.33,5.33,5.33,5.33,0.0,0.0,0.0,0.0,0.0,0.0,-7.0,-7.0,0.0,0.0,2024-01-31,1.0,0.0,True,0.0,,,,,,False
2024-02/2024-03,2024-02,2024-03,pinned,29,31,1,1,2024-01-31,5.33,5.33,5.33,5.33,5.33,0.0,0.0,-0.0,-0.0,0.0,0.0,-7.0,-7.0,0.0,0.0,,,,,,2024-03-20,0.354839,0.0,True,0.0,False
2024-03/2024-04,2024-03,2024-04,pinned,31,30,1,1,2024-02-29,5.33,5.33,5.33,5.33,5.33,0.0,0.0,0.0,0.0,0.0,0.0,-7.0,-7.0,0.0,0.0,2024-03-20,0.645161,0.0,True,0.0,,,,,,True
2024-04/2024-05,2024-04,2024-05,pinned,30,31,1,1,2024-03-31,5.33,5.33,5.33,5.33,5.33,0.0,0.0,-0.0,-0.0,0.0,0.0,-7.0,-7.0,0.0,0.0,,,,,,2024-05-01,0.967742,0.0,True,0.0,False
2024-05/2024-06,2024-05,2024-06,pinned,31,30,1,1,2024-04-30,5.33,5.33,5.33,5.33,5.33,0.0,0.0,0.0,0.0,0.0,0.0,-7.0,-7.0,0.0,0.0,2024-05-01,0.032258,0.6,False,0.0,2024-06-12,0.6,0.032258,False,0.0,False
2024-06/2024-07,2024-06,2024-07,pinned,30,31,1,1,2024-05-31,5.33,5.33,5.33,5.33,5.33,0.0,0.0,-0.0,-0.0,0.0,0.0,-7.0,-7.0,0.0,0.0,2024-06-12,0.4,0.0,True,0.0,2024-07-31,0.0,0.4,False,,True
2024-07/2024-08,2024-07,2024-08,pinned,31,31,1,1,2024-06-30,5.33,5.33,5.33,5.33,5.33,0.0,0.0,0.0,0.0,0.0,0.0,-7.0,-7.0,0.0,0.0,2024-07-31,1.0,0.0,True,0.0,,,,,,False
2024-08/2024-09,2024-08,2024-09,pinned,31,30,1,2,2024-07-31,5.33,5.33,5.13,5.33,5.13,0.0,0.0,20.0,20.0,0.0,0.0,-7.0,-7.0,0.0,0.0,,,,,,2024-09-18,0.4,0.0,True,0.0,False
2024-09/2024-10,2024-09,2024-10,pinned,30,31,2,1,2024-08-31,5.33,5.13,4.83,5.13,4.83,0.0,0.0,30.0,30.0,0.0,0.0,-7.0,-7.0,0.0,0.0,2024-09-18,0.6,0.0,True,0.0,,,,,,True
2024-10/2024-11,2024-10,2024-11,pinned,31,30,1,2,2024-09-30,4.83,4.83,4.638333,4.83,4.638333,0.0,0.0,19.166667,19.166667,0.0,0.0,-7.0,-7.0,0.0,0.0,,,,,,2024-11-07,0.766667,0.0,True,0.0,False
2024-11/2024-12,2024-11,2024-12,pinned,30,31,2,2,2024-10-31,4.83,4.638333,4.475161,4.638333,4.475161,0.0,0.0,16.317204,16.317204,0.0,0.0,-7.0,-7.0,0.0,0.0,2024-11-07,0.233333,0.419355,False,0.0,2024-12-18,0.419355,0.233333,False,0.0,False
2024-12/2025-01,2024-12,2025-01,pinned,31,31,2,1,2024-11-30,4.58,4.475161,4.33,4.475161,4.33,0.0,0.0,14.516129,14.516129,0.0,0.0,-7.0,-7.0,0.0,0.0,2024-12-18,0.580645,0.064516,False,0.0,2025-01-29,0.064516,0.580645,False,0.0,True
2025-01/2025-02,2025-01,2025-02,pinned,31,28,1,1,2024-12-31,4.33,4.33,4.33,4.33,4.33,0.0,0.0,0.0,0.0,0.0,0.0,-7.0,-7.0,0.0,0.0,2025-01-29,0.935484,0.0,True,0.0,,,,,,False
2025-02/2025-03,2025-02,2025-03,pinned,28,31,1,1,2025-01-31,4.33,4.33,4.33,4.33,4.33,0.0,0.0,-0.0,-0.0,0.0,0.0,-7.0,-7.0,0.0,0.0,,,,,,2025-03-19,0.387097,0.0,True,0.0,False
2025-03/2025-04,2025-03,2025-04,pinned,31,30,1,1,2025-02-28,4.33,4.33,4.33,4.33,4.33,0.0,0.0,0.0,0.0,0.0,0.0,-7.0,-7.0,0.0,0.0,2025-03-19,0.612903,0.0,True,0.0,,,,,,True
2025-04/2025-05,2025-04,2025-05,pinned,30,31,1,1,2025-03-31,4.33,4.33,4.33,4.33,4.33,0.0,0.0,-0.0,-0.0,0.0,0.0,-7.0,-7.0,0.0,0.0,,,,,,2025-05-07,0.774194,0.0,True,0.0,False
2025-05/2025-06,2025-05,2025-06,pinned,31,30,1,1,2025-04-30,4.33,4.33,4.33,4.33,4.33,0.0,0.0,0.0,0.0,0.0,0.0,-7.0,-7.0,0.0,0.0,2025-05-07,0.225806,0.366667,False,0.0,2025-06-18,0.366667,0.225806,False,0.0,False
2025-06/2025-07,2025-06,2025-07,pinned,30,31,1,1,2025-05-31,4.33,4.33,4.33,4.33,4.33,0.0,0.0,-0.0,-0.0,0.0,0.0,-7.0,-7.0,0.0,0.0,2025-06-18,0.633333,0.032258,False,0.0,2025-07-30,0.032258,0.633333,False,0.0,True
2025-07/2025-08,2025-07,2025-08,pinned,31,31,1,1,2025-06-30,4.33,4.33,4.33,4.33,4.33,0.0,0.0,0.0,0.0,0.0,0.0,-7.0,-7.0,0.0,0.0,2025-07-30,0.967742,0.0,True,0.0,,,,,,False
2025-08/2025-09,2025-08,2025-09,pinned,31,30,1,3,2025-07-31,4.33,4.33,4.224667,4.33,4.221667,0.0,0.3,10.533333,10.833333,-0.3,0.3,-7.0,-6.7,-0.3,0.0,,,,,,2025-09-17,0.433333,0.0,True,2.769231,False
2025-09/2025-10,2025-09,2025-10,drifting,30,31,3,6,2025-08-31,4.33,4.224667,4.088065,4.221667,4.063871,0.3,2.419355,13.660215,15.77957,-2.119355,2.119355,-6.7,-4.580645,-2.119355,0.0,2025-09-17,0.566667,0.064516,False,14.960152,2025-10-29,0.064516,0.566667,False,131.4,True
2025-10/2025-11,2025-10,2025-11,drifting,31,30,6,4,2025-09-30,4.09,4.088065,3.876333,4.073871,3.84,1.419355,3.633333,21.173118,23.387097,-2.213978,2.213978,-4.580645,-2.366667,-2.213978,0.0,2025-10-29,0.935484,0.0,True,9.466667,,,,,,False
2025-11/2025-12,2025-11,2025-12,drifting,30,31,4,2,2025-10-31,3.86,3.876333,3.720645,3.86,3.690645,1.633333,3.0,15.568817,16.935484,-1.366667,1.366667,-2.366667,-1.0,-1.366667,0.0,,,,,,2025-12-10,0.677419,0.0,True,8.069841,False
2025-12/2026-01,2025-12,2026-01,drifting,31,31,2,1,2025-11-30,3.89,3.720645,3.64,3.720645,3.64,0.0,0.0,8.064516,8.064516,0.0,0.0,-1.0,-1.0,0.0,0.0,2025-12-10,0.322581,0.096774,False,0.0,2026-01-28,0.096774,0.322581,False,0.0,True
2026-01/2026-02,2026-01,2026-02,drifting,31,28,1,1,2025-12-31,3.64,3.64,3.64,3.64,3.64,0.0,0.0,0.0,0.0,0.0,0.0,-1.0,-1.0,0.0,0.0,2026-01-28,0.903226,0.0,True,0.0,,,,,,False
2026-02/2026-03,2026-02,2026-03,drifting,28,31,1,1,2026-01-31,3.64,3.64,3.64,3.64,3.64,0.0,0.0,0.0,0.0,0.0,0.0,-1.0,-1.0,0.0,0.0,,,,,,2026-03-18,0.419355,0.0,True,0.0,False
2026-03/2026-04,2026-03,2026-04,drifting,31,30,1,1,2026-02-28,3.64,3.64,3.64,3.64,3.64,0.0,0.0,0.0,0.0,0.0,0.0,-1.0,-1.0,0.0,0.0,2026-03-18,0.580645,0.033333,False,0.0,2026-04-29,0.033333,0.580645,False,0.0,True
2026-04/2026-05,2026-04,2026-05,drifting,30,31,1,3,2026-03-31,3.64,3.64,3.627742,3.64,3.64,0.0,-1.225806,1.225806,0.0,1.225806,1.225806,-1.0,-2.225806,1.225806,0.0,2026-04-29,0.966667,0.0,True,5.072303,,,,,,False
2026-05/2026-06,2026-05,2026-06,drifting,31,30,3,2,2026-04-30,3.64,3.627742,3.625333,3.64,3.64,-1.225806,-1.466667,0.24086,0.0,0.24086,0.24086,-2.225806,-2.466667,0.24086,0.0,,,,,,2026-06-17,0.433333,0.0,True,2.223325,False
2026-06/2026-07,2026-06,2026-07,drifting,30,31,2,2,2026-05-31,3.62,3.625333,3.628065,3.62,3.62,0.533333,0.806452,-0.273118,-0.0,-0.273118,0.273118,-2.466667,-2.193548,-0.273118,0.0,2026-06-17,0.566667,0.064516,False,1.927894,2026-07-29,0.064516,0.566667,False,16.933333,True
2026-07/2026-08,2026-07,2026-08,drifting,31,31,2,1,2026-06-30,3.63,3.628065,3.63,3.63,3.63,-0.193548,0.0,-0.193548,0.0,-0.193548,0.193548,-2.193548,-2.0,-0.193548,0.0,2026-07-29,0.935484,0.0,True,0.827586,,,,,,False
